<annotation>
	<folder>hud</folder>
	<filename>frame_1920.jpg</filename>
	<path>/hud/frame_1920.jpg</path>
	<source>
		<database>Unspecified</database>
	</source>
	<size>
		<width>1280</width>
		<height>720</height>
		<depth>3</depth>
	</size>
	<object>
		<name>m1</name>
		<pose>Unspecified</pose>
		<truncated>Unspecified</truncated>
		<difficult>Unspecified</difficult>
		<bndbox>
			<xmin>748</xmin>
			<ymin>368</ymin>
			<xmax>789</xmax>
			<ymax>405</ymax>
		</bndbox>
	</object>
	<object>
		<name>m2</name>
		<pose>Unspecified</pose>
		<truncated>Unspecified</truncated>
		<difficult>Unspecified</difficult>
		<bndbox>
			<xmin>752</xmin>
			<ymin>211</ymin>
			<xmax>791</xmax>
			<ymax>222</ymax>
		</bndbox>
	</object>
	<object>
		<name>L1</name>
		<pose>Unspecified</pose>
		<truncated>Unspecified</truncated>
		<difficult>Unspecified</difficult>
		<bndbox>
			<xmin>679</xmin>
			<ymin>180</ymin>
			<xmax>864</xmax>
			<ymax>184</ymax>
		</bndbox>
	</object>
	<object>
		<name>L1</name>
		<pose>Unspecified</pose>
		<truncated>Unspecified</truncated>
		<difficult>Unspecified</difficult>
		<bndbox>
			<xmin>630</xmin>
			<ymin>343</ymin>
			<xmax>910</xmax>
			<ymax>349</ymax>
		</bndbox>
	</object>
	<object>
		<name>L1</name>
		<pose>Unspecified</pose>
		<truncated>Unspecified</truncated>
		<difficult>Unspecified</difficult>
		<bndbox>
			<xmin>677</xmin>
			<ymin>506</ymin>
			<xmax>859</xmax>
			<ymax>511</ymax>
		</bndbox>
	</object>
</annotation>