<annotation>
	<folder>hud</folder>
	<filename>frame_0570.jpg</filename>
	<path>/hud/frame_0570.jpg</path>
	<source>
		<database>Unspecified</database>
	</source>
	<size>
		<width>1280</width>
		<height>720</height>
		<depth>3</depth>
	</size>

	<object>
		<name>m1</name>
		<pose>Unspecified</pose>
		<truncated>Unspecified</truncated>
		<difficult>Unspecified</difficult>
		<bndbox>
			<xmin>610</xmin>
			<ymin>287</ymin>
			<xmax>633</xmax>
			<ymax>305</ymax>
		</bndbox>
	</object>
	<object>
		<name>m2</name>
		<pose>Unspecified</pose>
		<truncated>Unspecified</truncated>
		<difficult>Unspecified</difficult>
		<bndbox>
			<xmin>612</xmin>
			<ymin>208</ymin>
			<xmax>632</xmax>
			<ymax>214</ymax>
		</bndbox>
	</object>
	<object>
		<name>L1</name>
		<pose>Unspecified</pose>
		<truncated>Unspecified</truncated>
		<difficult>Unspecified</difficult>
		<bndbox>
			<xmin>575</xmin>
			<ymin>192</ymin>
			<xmax>677</xmax>
			<ymax>198</ymax>
		</bndbox>
	</object>
	<object>
		<name>L1</name>
		<pose>Unspecified</pose>
		<truncated>Unspecified</truncated>
		<difficult>Unspecified</difficult>
		<bndbox>
			<xmin>572</xmin>
			<ymin>282</ymin>
			<xmax>673</xmax>
			<ymax>287</ymax>
		</bndbox>
	</object>
	<object>
		<name>L1</name>
		<pose>Unspecified</pose>
		<truncated>Unspecified</truncated>
		<difficult>Unspecified</difficult>
		<bndbox>
			<xmin>541</xmin>
			<ymin>368</ymin>
			<xmax>695</xmax>
			<ymax>375</ymax>
		</bndbox>
	</object>
</annotation>