<annotation>
	<folder>hud</folder>
	<filename>frame_1500.jpg</filename>
	<path>/hud/frame_1500.jpg</path>
	<source>
		<database>Unspecified</database>
	</source>
	<size>
		<width>1280</width>
		<height>720</height>
		<depth>3</depth>
	</size>
	<object>
		<name>m1</name>
		<pose>Unspecified</pose>
		<truncated>Unspecified</truncated>
		<difficult>Unspecified</difficult>
		<bndbox>
			<xmin>707</xmin>
			<ymin>262</ymin>
			<xmax>746</xmax>
			<ymax>297</ymax>
		</bndbox>
	</object>
	<object>
		<name>m2</name>
		<pose>Unspecified</pose>
		<truncated>Unspecified</truncated>
		<difficult>Unspecified</difficult>
		<bndbox>
			<xmin>707</xmin>
			<ymin>148</ymin>
			<xmax>751</xmax>
			<ymax>161</ymax>
		</bndbox>
	</object>
	<object>
		<name>L1</name>
		<pose>Unspecified</pose>
		<truncated>Unspecified</truncated>
		<difficult>Unspecified</difficult>
		<bndbox>
			<xmin>637</xmin>
			<ymin>154</ymin>
			<xmax>825</xmax>
			<ymax>161</ymax>
		</bndbox>
	</object>
	<object>
		<name>L1</name>
		<pose>Unspecified</pose>
		<truncated>Unspecified</truncated>
		<difficult>Unspecified</difficult>
		<bndbox>
			<xmin>583</xmin>
			<ymin>317</ymin>
			<xmax>872</xmax>
			<ymax>327</ymax>
		</bndbox>
	</object>
	<object>
		<name>L1</name>
		<pose>Unspecified</pose>
		<truncated>Unspecified</truncated>
		<difficult>Unspecified</difficult>
		<bndbox>
			<xmin>629</xmin>
			<ymin>477</ymin>
			<xmax>814</xmax>
			<ymax>486</ymax>
		</bndbox>
	</object>
</annotation>