<annotation>
	<folder>hud</folder>
	<filename>frame_1200.jpg</filename>
	<path>/hud/frame_1200.jpg</path>
	<source>
		<database>Unspecified</database>
	</source>
	<size>
		<width>1280</width>
		<height>720</height>
		<depth>3</depth>
	</size>
	<object>
		<name>m1</name>
		<pose>Unspecified</pose>
		<truncated>Unspecified</truncated>
		<difficult>Unspecified</difficult>
		<bndbox>
			<xmin>573</xmin>
			<ymin>295</ymin>
			<xmax>616</xmax>
			<ymax>332</ymax>
		</bndbox>
	</object>
	<object>
		<name>m2</name>
		<pose>Unspecified</pose>
		<truncated>Unspecified</truncated>
		<difficult>Unspecified</difficult>
		<bndbox>
			<xmin>576</xmin>
			<ymin>180</ymin>
			<xmax>617</xmax>
			<ymax>196</ymax>
		</bndbox>
	</object>
	<object>
		<name>L1</name>
		<pose>Unspecified</pose>
		<truncated>Unspecified</truncated>
		<difficult>Unspecified</difficult>
		<bndbox>
			<xmin>510</xmin>
			<ymin>20</ymin>
			<xmax>697</xmax>
			<ymax>29</ymax>
		</bndbox>
	</object>
	<object>
		<name>L1</name>
		<pose>Unspecified</pose>
		<truncated>Unspecified</truncated>
		<difficult>Unspecified</difficult>
		<bndbox>
			<xmin>507</xmin>
			<ymin>185</ymin>
			<xmax>691</xmax>
			<ymax>195</ymax>
		</bndbox>
	</object>
	<object>
		<name>L1</name>
		<pose>Unspecified</pose>
		<truncated>Unspecified</truncated>
		<difficult>Unspecified</difficult>
		<bndbox>
			<xmin>453</xmin>
			<ymin>347</ymin>
			<xmax>733</xmax>
			<ymax>360</ymax>
		</bndbox>
	</object>
	<object>
		<name>L1</name>
		<pose>Unspecified</pose>
		<truncated>Unspecified</truncated>
		<difficult>Unspecified</difficult>
		<bndbox>
			<xmin>499</xmin>
			<ymin>508</ymin>
			<xmax>680</xmax>
			<ymax>519</ymax>
		</bndbox>
	</object>
</annotation>