<annotation>
	<folder>hud</folder>
	<filename>frame_0690.jpg</filename>
	<path>/hud/frame_0690.jpg</path>
	<source>
		<database>Unspecified</database>
	</source>
	<size>
		<width>1280</width>
		<height>720</height>
		<depth>3</depth>
	</size>

	<object>
		<name>m1</name>
		<pose>Unspecified</pose>
		<truncated>Unspecified</truncated>
		<difficult>Unspecified</difficult>
		<bndbox>
			<xmin>657</xmin>
			<ymin>271</ymin>
			<xmax>680</xmax>
			<ymax>290</ymax>
		</bndbox>
	</object>
	<object>
		<name>m2</name>
		<pose>Unspecified</pose>
		<truncated>Unspecified</truncated>
		<difficult>Unspecified</difficult>
		<bndbox>
			<xmin>656</xmin>
			<ymin>200</ymin>
			<xmax>681</xmax>
			<ymax>205</ymax>
		</bndbox>
	</object>
	<object>
		<name>L1</name>
		<pose>Unspecified</pose>
		<truncated>Unspecified</truncated>
		<difficult>Unspecified</difficult>
		<bndbox>
			<xmin>615</xmin>
			<ymin>178</ymin>
			<xmax>719</xmax>
			<ymax>181</ymax>
		</bndbox>
	</object>
	<object>
		<name>L1</name>
		<pose>Unspecified</pose>
		<truncated>Unspecified</truncated>
		<difficult>Unspecified</difficult>
		<bndbox>
			<xmin>618</xmin>
			<ymin>267</ymin>
			<xmax>720</xmax>
			<ymax>270</ymax>
		</bndbox>
	</object>
	<object>
		<name>L1</name>
		<pose>Unspecified</pose>
		<truncated>Unspecified</truncated>
		<difficult>Unspecified</difficult>
		<bndbox>
			<xmin>591</xmin>
			<ymin>355</ymin>
			<xmax>747</xmax>
			<ymax>358</ymax>
		</bndbox>
	</object>
</annotation>