<annotation>
	<folder>hud</folder>
	<filename>frame_2190.jpg</filename>
	<path>/hud/frame_2190.jpg</path>
	<source>
		<database>Unspecified</database>
	</source>
	<size>
		<width>1280</width>
		<height>720</height>
		<depth>3</depth>
	</size>
	<object>
		<name>m1</name>
		<pose>Unspecified</pose>
		<truncated>Unspecified</truncated>
		<difficult>Unspecified</difficult>
		<bndbox>
			<xmin>724</xmin>
			<ymin>350</ymin>
			<xmax>764</xmax>
			<ymax>383</ymax>
		</bndbox>
	</object>
	<object>
		<name>m2</name>
		<pose>Unspecified</pose>
		<truncated>Unspecified</truncated>
		<difficult>Unspecified</difficult>
		<bndbox>
			<xmin>725</xmin>
			<ymin>191</ymin>
			<xmax>766</xmax>
			<ymax>202</ymax>
		</bndbox>
	</object>
	<object>
		<name>L1</name>
		<pose>Unspecified</pose>
		<truncated>Unspecified</truncated>
		<difficult>Unspecified</difficult>
		<bndbox>
			<xmin>655</xmin>
			<ymin>161</ymin>
			<xmax>841</xmax>
			<ymax>164</ymax>
		</bndbox>
	</object>
	<object>
		<name>L1</name>
		<pose>Unspecified</pose>
		<truncated>Unspecified</truncated>
		<difficult>Unspecified</difficult>
		<bndbox>
			<xmin>604</xmin>
			<ymin>324</ymin>
			<xmax>888</xmax>
			<ymax>331</ymax>
		</bndbox>
	</object>
	<object>
		<name>L1</name>
		<pose>Unspecified</pose>
		<truncated>Unspecified</truncated>
		<difficult>Unspecified</difficult>
		<bndbox>
			<xmin>653</xmin>
			<ymin>485</ymin>
			<xmax>835</xmax>
			<ymax>492</ymax>
		</bndbox>
	</object>
</annotation>