<annotation>
	<folder>hud</folder>
	<filename>frame_1650.jpg</filename>
	<path>/hud/frame_1650.jpg</path>
	<source>
		<database>Unspecified</database>
	</source>
	<size>
		<width>1280</width>
		<height>720</height>
		<depth>3</depth>
	</size>
	<object>
		<name>m1</name>
		<pose>Unspecified</pose>
		<truncated>Unspecified</truncated>
		<difficult>Unspecified</difficult>
		<bndbox>
			<xmin>611</xmin>
			<ymin>358</ymin>
			<xmax>651</xmax>
			<ymax>393</ymax>
		</bndbox>
	</object>
	<object>
		<name>m2</name>
		<pose>Unspecified</pose>
		<truncated>Unspecified</truncated>
		<difficult>Unspecified</difficult>
		<bndbox>
			<xmin>609</xmin>
			<ymin>218</ymin>
			<xmax>649</xmax>
			<ymax>231</ymax>
		</bndbox>
	</object>
	<object>
		<name>L1</name>
		<pose>Unspecified</pose>
		<truncated>Unspecified</truncated>
		<difficult>Unspecified</difficult>
		<bndbox>
			<xmin>539</xmin>
			<ymin>50</ymin>
			<xmax>728</xmax>
			<ymax>52</ymax>
		</bndbox>
	</object>
	<object>
		<name>L1</name>
		<pose>Unspecified</pose>
		<truncated>Unspecified</truncated>
		<difficult>Unspecified</difficult>
		<bndbox>
			<xmin>539</xmin>
			<ymin>214</ymin>
			<xmax>726</xmax>
			<ymax>217</ymax>
		</bndbox>
	</object>
	<object>
		<name>L1</name>
		<pose>Unspecified</pose>
		<truncated>Unspecified</truncated>
		<difficult>Unspecified</difficult>
		<bndbox>
			<xmin>487</xmin>
			<ymin>376</ymin>
			<xmax>775</xmax>
			<ymax>381</ymax>
		</bndbox>
	</object>
	<object>
		<name>L1</name>
		<pose>Unspecified</pose>
		<truncated>Unspecified</truncated>
		<difficult>Unspecified</difficult>
		<bndbox>
			<xmin>537</xmin>
			<ymin>538</ymin>
			<xmax>723</xmax>
			<ymax>541</ymax>
		</bndbox>
	</object>
</annotation>