<annotation>
	<folder>hud</folder>
	<filename>frame_1470.jpg</filename>
	<path>/hud/frame_1470.jpg</path>
	<source>
		<database>Unspecified</database>
	</source>
	<size>
		<width>1280</width>
		<height>720</height>
		<depth>3</depth>
	</size>
	<object>
		<name>m1</name>
		<pose>Unspecified</pose>
		<truncated>Unspecified</truncated>
		<difficult>Unspecified</difficult>
		<bndbox>
			<xmin>686</xmin>
			<ymin>365</ymin>
			<xmax>730</xmax>
			<ymax>400</ymax>
		</bndbox>
	</object>
	<object>
		<name>m2</name>
		<pose>Unspecified</pose>
		<truncated>Unspecified</truncated>
		<difficult>Unspecified</difficult>
		<bndbox>
			<xmin>691</xmin>
			<ymin>251</ymin>
			<xmax>731</xmax>
			<ymax>264</ymax>
		</bndbox>
	</object>
	<object>
		<name>L1</name>
		<pose>Unspecified</pose>
		<truncated>Unspecified</truncated>
		<difficult>Unspecified</difficult>
		<bndbox>
			<xmin>623</xmin>
			<ymin>91</ymin>
			<xmax>814</xmax>
			<ymax>97</ymax>
		</bndbox>
	</object>
	<object>
		<name>L1</name>
		<pose>Unspecified</pose>
		<truncated>Unspecified</truncated>
		<difficult>Unspecified</difficult>
		<bndbox>
			<xmin>620</xmin>
			<ymin>255</ymin>
			<xmax>808</xmax>
			<ymax>264</ymax>
		</bndbox>
	</object>
	<object>
		<name>L1</name>
		<pose>Unspecified</pose>
		<truncated>Unspecified</truncated>
		<difficult>Unspecified</difficult>
		<bndbox>
			<xmin>562</xmin>
			<ymin>418</ymin>
			<xmax>854</xmax>
			<ymax>428</ymax>
		</bndbox>
	</object>
	<object>
		<name>L1</name>
		<pose>Unspecified</pose>
		<truncated>Unspecified</truncated>
		<difficult>Unspecified</difficult>
		<bndbox>
			<xmin>612</xmin>
			<ymin>581</ymin>
			<xmax>797</xmax>
			<ymax>588</ymax>
		</bndbox>
	</object>
</annotation>