<annotation>
	<folder>hud</folder>
	<filename>frame_1890.jpg</filename>
	<path>/hud/frame_1890.jpg</path>
	<source>
		<database>Unspecified</database>
	</source>
	<size>
		<width>1280</width>
		<height>720</height>
		<depth>3</depth>
	</size>

	<object>
		<name>m1</name>
		<pose>Unspecified</pose>
		<truncated>Unspecified</truncated>
		<difficult>Unspecified</difficult>
		<bndbox>
			<xmin>746</xmin>
			<ymin>372</ymin>
			<xmax>787</xmax>
			<ymax>404</ymax>
		</bndbox>
	</object>
	<object>
		<name>m2</name>
		<pose>Unspecified</pose>
		<truncated>Unspecified</truncated>
		<difficult>Unspecified</difficult>
		<bndbox>
			<xmin>749</xmin>
			<ymin>212</ymin>
			<xmax>787</xmax>
			<ymax>224</ymax>
		</bndbox>
	</object>
	<object>
		<name>L1</name>
		<pose>Unspecified</pose>
		<truncated>Unspecified</truncated>
		<difficult>Unspecified</difficult>
		<bndbox>
			<xmin>677</xmin>
			<ymin>183</ymin>
			<xmax>864</xmax>
			<ymax>186</ymax>
		</bndbox>
	</object>
	<object>
		<name>L1</name>
		<pose>Unspecified</pose>
		<truncated>Unspecified</truncated>
		<difficult>Unspecified</difficult>
		<bndbox>
			<xmin>630</xmin>
			<ymin>345</ymin>
			<xmax>908</xmax>
			<ymax>351</ymax>
		</bndbox>
	</object>
	<object>
		<name>L1</name>
		<pose>Unspecified</pose>
		<truncated>Unspecified</truncated>
		<difficult>Unspecified</difficult>
		<bndbox>
			<xmin>675</xmin>
			<ymin>508</ymin>
			<xmax>858</xmax>
			<ymax>513</ymax>
		</bndbox>
	</object>
</annotation>