<annotation>
	<folder>hud</folder>
	<filename>frame_1950.jpg</filename>
	<path>/hud/frame_1950.jpg</path>
	<source>
		<database>Unspecified</database>
	</source>
	<size>
		<width>1280</width>
		<height>720</height>
		<depth>3</depth>
	</size>
	<object>
		<name>m1</name>
		<pose>Unspecified</pose>
		<truncated>Unspecified</truncated>
		<difficult>Unspecified</difficult>
		<bndbox>
			<xmin>749</xmin>
			<ymin>365</ymin>
			<xmax>789</xmax>
			<ymax>400</ymax>
		</bndbox>
	</object>
	<object>
		<name>m2</name>
		<pose>Unspecified</pose>
		<truncated>Unspecified</truncated>
		<difficult>Unspecified</difficult>
		<bndbox>
			<xmin>751</xmin>
			<ymin>206</ymin>
			<xmax>791</xmax>
			<ymax>218</ymax>
		</bndbox>
	</object>
	<object>
		<name>L1</name>
		<pose>Unspecified</pose>
		<truncated>Unspecified</truncated>
		<difficult>Unspecified</difficult>
		<bndbox>
			<xmin>680</xmin>
			<ymin>176</ymin>
			<xmax>866</xmax>
			<ymax>181</ymax>
		</bndbox>
	</object>
	<object>
		<name>L1</name>
		<pose>Unspecified</pose>
		<truncated>Unspecified</truncated>
		<difficult>Unspecified</difficult>
		<bndbox>
			<xmin>632</xmin>
			<ymin>338</ymin>
			<xmax>911</xmax>
			<ymax>346</ymax>
		</bndbox>
	</object>
	<object>
		<name>L1</name>
		<pose>Unspecified</pose>
		<truncated>Unspecified</truncated>
		<difficult>Unspecified</difficult>
		<bndbox>
			<xmin>676</xmin>
			<ymin>501</ymin>
			<xmax>858</xmax>
			<ymax>506</ymax>
		</bndbox>
	</object>
</annotation>