<annotation>
	<folder>hud</folder>
	<filename>frame_0330.jpg</filename>
	<path>/hud/frame_0330.jpg</path>
	<source>
		<database>Unspecified</database>
	</source>
	<size>
		<width>1280</width>
		<height>720</height>
		<depth>3</depth>
	</size>
	<object>
		<name>m1</name>
		<pose>Unspecified</pose>
		<truncated>Unspecified</truncated>
		<difficult>Unspecified</difficult>
		<bndbox>
			<xmin>554</xmin>
			<ymin>375</ymin>
			<xmax>594</xmax>
			<ymax>406</ymax>
		</bndbox>
	</object>
	<object>
		<name>m2</name>
		<pose>Unspecified</pose>
		<truncated>Unspecified</truncated>
		<difficult>Unspecified</difficult>
		<bndbox>
			<xmin>555</xmin>
			<ymin>239</ymin>
			<xmax>594</xmax>
			<ymax>252</ymax>
		</bndbox>
	</object>
	<object>
		<name>L1</name>
		<pose>Unspecified</pose>
		<truncated>Unspecified</truncated>
		<difficult>Unspecified</difficult>
		<bndbox>
			<xmin>494</xmin>
			<ymin>214</ymin>
			<xmax>670</xmax>
			<ymax>225</ymax>
		</bndbox>
	</object>
	<object>
		<name>L1</name>
		<pose>Unspecified</pose>
		<truncated>Unspecified</truncated>
		<difficult>Unspecified</difficult>
		<bndbox>
			<xmin>489</xmin>
			<ymin>364</ymin>
			<xmax>662</xmax>
			<ymax>375</ymax>
		</bndbox>
	</object>
	<object>
		<name>L1</name>
		<pose>Unspecified</pose>
		<truncated>Unspecified</truncated>
		<difficult>Unspecified</difficult>
		<bndbox>
			<xmin>437</xmin>
			<ymin>510</ymin>
			<xmax>698</xmax>
			<ymax>527</ymax>
		</bndbox>
	</object>
</annotation>