<annotation>
	<folder>hud</folder>
	<filename>frame_1770.jpg</filename>
	<path>/hud/frame_1770.jpg</path>
	<source>
		<database>Unspecified</database>
	</source>
	<size>
		<width>1280</width>
		<height>720</height>
		<depth>3</depth>
	</size>

	<object>
		<name>m1</name>
		<pose>Unspecified</pose>
		<truncated>Unspecified</truncated>
		<difficult>Unspecified</difficult>
		<bndbox>
			<xmin>603</xmin>
			<ymin>401</ymin>
			<xmax>641</xmax>
			<ymax>435</ymax>
		</bndbox>
	</object>
	<object>
		<name>m2</name>
		<pose>Unspecified</pose>
		<truncated>Unspecified</truncated>
		<difficult>Unspecified</difficult>
		<bndbox>
			<xmin>602</xmin>
			<ymin>243</ymin>
			<xmax>641</xmax>
			<ymax>256</ymax>
		</bndbox>
	</object>
	<object>
		<name>L1</name>
		<pose>Unspecified</pose>
		<truncated>Unspecified</truncated>
		<difficult>Unspecified</difficult>
		<bndbox>
			<xmin>531</xmin>
			<ymin>214</ymin>
			<xmax>717</xmax>
			<ymax>216</ymax>
		</bndbox>
	</object>
	<object>
		<name>L1</name>
		<pose>Unspecified</pose>
		<truncated>Unspecified</truncated>
		<difficult>Unspecified</difficult>
		<bndbox>
			<xmin>481</xmin>
			<ymin>377</ymin>
			<xmax>765</xmax>
			<ymax>380</ymax>
		</bndbox>
	</object>
	<object>
		<name>L1</name>
		<pose>Unspecified</pose>
		<truncated>Unspecified</truncated>
		<difficult>Unspecified</difficult>
		<bndbox>
			<xmin>529</xmin>
			<ymin>539</ymin>
			<xmax>715</xmax>
			<ymax>542</ymax>
		</bndbox>
	</object>
</annotation>