<annotation>
	<folder>hud</folder>
	<filename>frame_0120.jpg</filename>
	<path>/hud/frame_0120.jpg</path>
	<source>
		<database>Unspecified</database>
	</source>
	<size>
		<width>1280</width>
		<height>720</height>
		<depth>3</depth>
	</size>
	<object>
		<name>m1</name>
		<pose>Unspecified</pose>
		<truncated>Unspecified</truncated>
		<difficult>Unspecified</difficult>
		<bndbox>
			<xmin>523</xmin>
			<ymin>332</ymin>
			<xmax>560</xmax>
			<ymax>362</ymax>
		</bndbox>
	</object>
	<object>
		<name>m2</name>
		<pose>Unspecified</pose>
		<truncated>Unspecified</truncated>
		<difficult>Unspecified</difficult>
		<bndbox>
			<xmin>525</xmin>
			<ymin>198</ymin>
			<xmax>561</xmax>
			<ymax>211</ymax>
		</bndbox>
	</object>
	<object>
		<name>L1</name>
		<pose>Unspecified</pose>
		<truncated>Unspecified</truncated>
		<difficult>Unspecified</difficult>
		<bndbox>
			<xmin>462</xmin>
			<ymin>171</ymin>
			<xmax>639</xmax>
			<ymax>182</ymax>
		</bndbox>
	</object>
	<object>
		<name>L1</name>
		<pose>Unspecified</pose>
		<truncated>Unspecified</truncated>
		<difficult>Unspecified</difficult>
		<bndbox>
			<xmin>455</xmin>
			<ymin>323</ymin>
			<xmax>630</xmax>
			<ymax>333</ymax>
		</bndbox>
	</object>
	<object>
		<name>L1</name>
		<pose>Unspecified</pose>
		<truncated>Unspecified</truncated>
		<difficult>Unspecified</difficult>
		<bndbox>
			<xmin>402</xmin>
			<ymin>470</ymin>
			<xmax>668</xmax>
			<ymax>483</ymax>
		</bndbox>
	</object>
</annotation>