<annotation>
	<folder>hud</folder>
	<filename>frame_1830.jpg</filename>
	<path>/hud/frame_1830.jpg</path>
	<source>
		<database>Unspecified</database>
	</source>
	<size>
		<width>1280</width>
		<height>720</height>
		<depth>3</depth>
	</size>

	<object>
		<name>m1</name>
		<pose>Unspecified</pose>
		<truncated>Unspecified</truncated>
		<difficult>Unspecified</difficult>
		<bndbox>
			<xmin>744</xmin>
			<ymin>387</ymin>
			<xmax>784</xmax>
			<ymax>423</ymax>
		</bndbox>
	</object>
	<object>
		<name>m2</name>
		<pose>Unspecified</pose>
		<truncated>Unspecified</truncated>
		<difficult>Unspecified</difficult>
		<bndbox>
			<xmin>746</xmin>
			<ymin>229</ymin>
			<xmax>786</xmax>
			<ymax>242</ymax>
		</bndbox>
	</object>
	<object>
		<name>L1</name>
		<pose>Unspecified</pose>
		<truncated>Unspecified</truncated>
		<difficult>Unspecified</difficult>
		<bndbox>
			<xmin>674</xmin>
			<ymin>200</ymin>
			<xmax>863</xmax>
			<ymax>203</ymax>
		</bndbox>
	</object>
	<object>
		<name>L1</name>
		<pose>Unspecified</pose>
		<truncated>Unspecified</truncated>
		<difficult>Unspecified</difficult>
		<bndbox>
			<xmin>627</xmin>
			<ymin>362</ymin>
			<xmax>906</xmax>
			<ymax>369</ymax>
		</bndbox>
	</object>
	<object>
		<name>L1</name>
		<pose>Unspecified</pose>
		<truncated>Unspecified</truncated>
		<difficult>Unspecified</difficult>
		<bndbox>
			<xmin>674</xmin>
			<ymin>524</ymin>
			<xmax>854</xmax>
			<ymax>530</ymax>
		</bndbox>
	</object>
</annotation>