<annotation>
	<folder>hud</folder>
	<filename>frame_0990.jpg</filename>
	<path>/hud/frame_0990.jpg</path>
	<source>
		<database>Unspecified</database>
	</source>
	<size>
		<width>1280</width>
		<height>720</height>
		<depth>3</depth>
	</size>
	<object>
		<name>m1</name>
		<pose>Unspecified</pose>
		<truncated>Unspecified</truncated>
		<difficult>Unspecified</difficult>
		<bndbox>
			<xmin>627</xmin>
			<ymin>370</ymin>
			<xmax>669</xmax>
			<ymax>404</ymax>
		</bndbox>
	</object>
	<object>
		<name>m2</name>
		<pose>Unspecified</pose>
		<truncated>Unspecified</truncated>
		<difficult>Unspecified</difficult>
		<bndbox>
			<xmin>632</xmin>
			<ymin>255</ymin>
			<xmax>672</xmax>
			<ymax>268</ymax>
		</bndbox>
	</object>
	<object>
		<name>L1</name>
		<pose>Unspecified</pose>
		<truncated>Unspecified</truncated>
		<difficult>Unspecified</difficult>
		<bndbox>
			<xmin>565</xmin>
			<ymin>97</ymin>
			<xmax>749</xmax>
			<ymax>103</ymax>
		</bndbox>
	</object>
	<object>
		<name>L1</name>
		<pose>Unspecified</pose>
		<truncated>Unspecified</truncated>
		<difficult>Unspecified</difficult>
		<bndbox>
			<xmin>559</xmin>
			<ymin>261</ymin>
			<xmax>746</xmax>
			<ymax>268</ymax>
		</bndbox>
	</object>
	<object>
		<name>L1</name>
		<pose>Unspecified</pose>
		<truncated>Unspecified</truncated>
		<difficult>Unspecified</difficult>
		<bndbox>
			<xmin>505</xmin>
			<ymin>422</ymin>
			<xmax>792</xmax>
			<ymax>431</ymax>
		</bndbox>
	</object>
	<object>
		<name>L1</name>
		<pose>Unspecified</pose>
		<truncated>Unspecified</truncated>
		<difficult>Unspecified</difficult>
		<bndbox>
			<xmin>553</xmin>
			<ymin>585</ymin>
			<xmax>738</xmax>
			<ymax>591</ymax>
		</bndbox>
	</object>
</annotation>