<annotation>
	<folder>hud</folder>
	<filename>frame_0300.jpg</filename>
	<path>/hud/frame_0300.jpg</path>
	<source>
		<database>Unspecified</database>
	</source>
	<size>
		<width>1280</width>
		<height>720</height>
		<depth>3</depth>
	</size>
	<object>
		<name>m1</name>
		<pose>Unspecified</pose>
		<truncated>Unspecified</truncated>
		<difficult>Unspecified</difficult>
		<bndbox>
			<xmin>550</xmin>
			<ymin>350</ymin>
			<xmax>592</xmax>
			<ymax>379</ymax>
		</bndbox>
	</object>
	<object>
		<name>m2</name>
		<pose>Unspecified</pose>
		<truncated>Unspecified</truncated>
		<difficult>Unspecified</difficult>
		<bndbox>
			<xmin>556</xmin>
			<ymin>214</ymin>
			<xmax>592</xmax>
			<ymax>227</ymax>
		</bndbox>
	</object>
	<object>
		<name>L1</name>
		<pose>Unspecified</pose>
		<truncated>Unspecified</truncated>
		<difficult>Unspecified</difficult>
		<bndbox>
			<xmin>493</xmin>
			<ymin>187</ymin>
			<xmax>669</xmax>
			<ymax>200</ymax>
		</bndbox>
	</object>
	<object>
		<name>L1</name>
		<pose>Unspecified</pose>
		<truncated>Unspecified</truncated>
		<difficult>Unspecified</difficult>
		<bndbox>
			<xmin>485</xmin>
			<ymin>339</ymin>
			<xmax>659</xmax>
			<ymax>350</ymax>
		</bndbox>
	</object>
	<object>
		<name>L1</name>
		<pose>Unspecified</pose>
		<truncated>Unspecified</truncated>
		<difficult>Unspecified</difficult>
		<bndbox>
			<xmin>431</xmin>
			<ymin>485</ymin>
			<xmax>696</xmax>
			<ymax>501</ymax>
		</bndbox>
	</object>
</annotation>