<annotation>
	<folder>hud</folder>
	<filename>frame_1230.jpg</filename>
	<path>/hud/frame_1230.jpg</path>
	<source>
		<database>Unspecified</database>
	</source>
	<size>
		<width>1280</width>
		<height>720</height>
		<depth>3</depth>
	</size>
	<object>
		<name>m1</name>
		<pose>Unspecified</pose>
		<truncated>Unspecified</truncated>
		<difficult>Unspecified</difficult>
		<bndbox>
			<xmin>577</xmin>
			<ymin>303</ymin>
			<xmax>619</xmax>
			<ymax>338</ymax>
		</bndbox>
	</object>
	<object>
		<name>m2</name>
		<pose>Unspecified</pose>
		<truncated>Unspecified</truncated>
		<difficult>Unspecified</difficult>
		<bndbox>
			<xmin>579</xmin>
			<ymin>188</ymin>
			<xmax>622</xmax>
			<ymax>204</ymax>
		</bndbox>
	</object>
	<object>
		<name>L1</name>
		<pose>Unspecified</pose>
		<truncated>Unspecified</truncated>
		<difficult>Unspecified</difficult>
		<bndbox>
			<xmin>514</xmin>
			<ymin>26</ymin>
			<xmax>702</xmax>
			<ymax>37</ymax>
		</bndbox>
	</object>
	<object>
		<name>L1</name>
		<pose>Unspecified</pose>
		<truncated>Unspecified</truncated>
		<difficult>Unspecified</difficult>
		<bndbox>
			<xmin>508</xmin>
			<ymin>195</ymin>
			<xmax>694</xmax>
			<ymax>201</ymax>
		</bndbox>
	</object>
	<object>
		<name>L1</name>
		<pose>Unspecified</pose>
		<truncated>Unspecified</truncated>
		<difficult>Unspecified</difficult>
		<bndbox>
			<xmin>454</xmin>
			<ymin>358</ymin>
			<xmax>739</xmax>
			<ymax>368</ymax>
		</bndbox>
	</object>
	<object>
		<name>L1</name>
		<pose>Unspecified</pose>
		<truncated>Unspecified</truncated>
		<difficult>Unspecified</difficult>
		<bndbox>
			<xmin>500</xmin>
			<ymin>519</ymin>
			<xmax>684</xmax>
			<ymax>525</ymax>
		</bndbox>
	</object>
</annotation>