<annotation>
	<folder>hud</folder>
	<filename>frame_1020.jpg</filename>
	<path>/hud/frame_1020.jpg</path>
	<source>
		<database>Unspecified</database>
	</source>
	<size>
		<width>1280</width>
		<height>720</height>
		<depth>3</depth>
	</size>
	<object>
		<name>m1</name>
		<pose>Unspecified</pose>
		<truncated>Unspecified</truncated>
		<difficult>Unspecified</difficult>
		<bndbox>
			<xmin>628</xmin>
			<ymin>300</ymin>
			<xmax>671</xmax>
			<ymax>337</ymax>
		</bndbox>
	</object>
	<object>
		<name>m2</name>
		<pose>Unspecified</pose>
		<truncated>Unspecified</truncated>
		<difficult>Unspecified</difficult>
		<bndbox>
			<xmin>634</xmin>
			<ymin>187</ymin>
			<xmax>671</xmax>
			<ymax>201</ymax>
		</bndbox>
	</object>
	<object>
		<name>L1</name>
		<pose>Unspecified</pose>
		<truncated>Unspecified</truncated>
		<difficult>Unspecified</difficult>
		<bndbox>
			<xmin>566</xmin>
			<ymin>28</ymin>
			<xmax>753</xmax>
			<ymax>36</ymax>
		</bndbox>
	</object>
	<object>
		<name>L1</name>
		<pose>Unspecified</pose>
		<truncated>Unspecified</truncated>
		<difficult>Unspecified</difficult>
		<bndbox>
			<xmin>563</xmin>
			<ymin>195</ymin>
			<xmax>747</xmax>
			<ymax>201</ymax>
		</bndbox>
	</object>
	<object>
		<name>L1</name>
		<pose>Unspecified</pose>
		<truncated>Unspecified</truncated>
		<difficult>Unspecified</difficult>
		<bndbox>
			<xmin>508</xmin>
			<ymin>354</ymin>
			<xmax>793</xmax>
			<ymax>364</ymax>
		</bndbox>
	</object>
	<object>
		<name>L1</name>
		<pose>Unspecified</pose>
		<truncated>Unspecified</truncated>
		<difficult>Unspecified</difficult>
		<bndbox>
			<xmin>551</xmin>
			<ymin>517</ymin>
			<xmax>739</xmax>
			<ymax>524</ymax>
		</bndbox>
	</object>
</annotation>