<annotation>
	<folder>hud</folder>
	<filename>frame_2100.jpg</filename>
	<path>/hud/frame_2100.jpg</path>
	<source>
		<database>Unspecified</database>
	</source>
	<size>
		<width>1280</width>
		<height>720</height>
		<depth>3</depth>
	</size>
	<object>
		<name>m1</name>
		<pose>Unspecified</pose>
		<truncated>Unspecified</truncated>
		<difficult>Unspecified</difficult>
		<bndbox>
			<xmin>729</xmin>
			<ymin>363</ymin>
			<xmax>770</xmax>
			<ymax>395</ymax>
		</bndbox>
	</object>
	<object>
		<name>m2</name>
		<pose>Unspecified</pose>
		<truncated>Unspecified</truncated>
		<difficult>Unspecified</difficult>
		<bndbox>
			<xmin>731</xmin>
			<ymin>201</ymin>
			<xmax>771</xmax>
			<ymax>215</ymax>
		</bndbox>
	</object>
	<object>
		<name>L1</name>
		<pose>Unspecified</pose>
		<truncated>Unspecified</truncated>
		<difficult>Unspecified</difficult>
		<bndbox>
			<xmin>659</xmin>
			<ymin>172</ymin>
			<xmax>847</xmax>
			<ymax>178</ymax>
		</bndbox>
	</object>
	<object>
		<name>L1</name>
		<pose>Unspecified</pose>
		<truncated>Unspecified</truncated>
		<difficult>Unspecified</difficult>
		<bndbox>
			<xmin>611</xmin>
			<ymin>335</ymin>
			<xmax>891</xmax>
			<ymax>343</ymax>
		</bndbox>
	</object>
	<object>
		<name>L1</name>
		<pose>Unspecified</pose>
		<truncated>Unspecified</truncated>
		<difficult>Unspecified</difficult>
		<bndbox>
			<xmin>659</xmin>
			<ymin>497</ymin>
			<xmax>839</xmax>
			<ymax>505</ymax>
		</bndbox>
	</object>
</annotation>