<annotation>
	<folder>hud</folder>
	<filename>frame_1560.jpg</filename>
	<path>/hud/frame_1560.jpg</path>
	<source>
		<database>Unspecified</database>
	</source>
	<size>
		<width>1280</width>
		<height>720</height>
		<depth>3</depth>
	</size>
	<object>
		<name>m1</name>
		<pose>Unspecified</pose>
		<truncated>Unspecified</truncated>
		<difficult>Unspecified</difficult>
		<bndbox>
			<xmin>681</xmin>
			<ymin>251</ymin>
			<xmax>723</xmax>
			<ymax>286</ymax>
		</bndbox>
	</object>
	<object>
		<name>m2</name>
		<pose>Unspecified</pose>
		<truncated>Unspecified</truncated>
		<difficult>Unspecified</difficult>
		<bndbox>
			<xmin>684</xmin>
			<ymin>135</ymin>
			<xmax>724</xmax>
			<ymax>149</ymax>
		</bndbox>
	</object>
	<object>
		<name>L1</name>
		<pose>Unspecified</pose>
		<truncated>Unspecified</truncated>
		<difficult>Unspecified</difficult>
		<bndbox>
			<xmin>612</xmin>
			<ymin>141</ymin>
			<xmax>797</xmax>
			<ymax>147</ymax>
		</bndbox>
	</object>
	<object>
		<name>L1</name>
		<pose>Unspecified</pose>
		<truncated>Unspecified</truncated>
		<difficult>Unspecified</difficult>
		<bndbox>
			<xmin>559</xmin>
			<ymin>304</ymin>
			<xmax>846</xmax>
			<ymax>312</ymax>
		</bndbox>
	</object>
	<object>
		<name>L1</name>
		<pose>Unspecified</pose>
		<truncated>Unspecified</truncated>
		<difficult>Unspecified</difficult>
		<bndbox>
			<xmin>609</xmin>
			<ymin>465</ymin>
			<xmax>789</xmax>
			<ymax>472</ymax>
		</bndbox>
	</object>
</annotation>