<annotation>
	<folder>hud</folder>
	<filename>frame_1260.jpg</filename>
	<path>/hud/frame_1260.jpg</path>
	<source>
		<database>Unspecified</database>
	</source>
	<size>
		<width>1280</width>
		<height>720</height>
		<depth>3</depth>
	</size>
	<object>
		<name>m1</name>
		<pose>Unspecified</pose>
		<truncated>Unspecified</truncated>
		<difficult>Unspecified</difficult>
		<bndbox>
			<xmin>596</xmin>
			<ymin>316</ymin>
			<xmax>638</xmax>
			<ymax>350</ymax>
		</bndbox>
	</object>
	<object>
		<name>m2</name>
		<pose>Unspecified</pose>
		<truncated>Unspecified</truncated>
		<difficult>Unspecified</difficult>
		<bndbox>
			<xmin>597</xmin>
			<ymin>202</ymin>
			<xmax>639</xmax>
			<ymax>216</ymax>
		</bndbox>
	</object>
	<object>
		<name>L1</name>
		<pose>Unspecified</pose>
		<truncated>Unspecified</truncated>
		<difficult>Unspecified</difficult>
		<bndbox>
			<xmin>531</xmin>
			<ymin>40</ymin>
			<xmax>720</xmax>
			<ymax>49</ymax>
		</bndbox>
	</object>
	<object>
		<name>L1</name>
		<pose>Unspecified</pose>
		<truncated>Unspecified</truncated>
		<difficult>Unspecified</difficult>
		<bndbox>
			<xmin>529</xmin>
			<ymin>206</ymin>
			<xmax>713</xmax>
			<ymax>215</ymax>
		</bndbox>
	</object>
	<object>
		<name>L1</name>
		<pose>Unspecified</pose>
		<truncated>Unspecified</truncated>
		<difficult>Unspecified</difficult>
		<bndbox>
			<xmin>475</xmin>
			<ymin>369</ymin>
			<xmax>757</xmax>
			<ymax>379</ymax>
		</bndbox>
	</object>
	<object>
		<name>L1</name>
		<pose>Unspecified</pose>
		<truncated>Unspecified</truncated>
		<difficult>Unspecified</difficult>
		<bndbox>
			<xmin>518</xmin>
			<ymin>529</ymin>
			<xmax>702</xmax>
			<ymax>539</ymax>
		</bndbox>
	</object>
</annotation>