<annotation>
	<folder>hud</folder>
	<filename>frame_1140.jpg</filename>
	<path>/hud/frame_1140.jpg</path>
	<source>
		<database>Unspecified</database>
	</source>
	<size>
		<width>1280</width>
		<height>720</height>
		<depth>3</depth>
	</size>
	<object>
		<name>m1</name>
		<pose>Unspecified</pose>
		<truncated>Unspecified</truncated>
		<difficult>Unspecified</difficult>
		<bndbox>
			<xmin>583</xmin>
			<ymin>286</ymin>
			<xmax>623</xmax>
			<ymax>321</ymax>
		</bndbox>
	</object>
	<object>
		<name>m2</name>
		<pose>Unspecified</pose>
		<truncated>Unspecified</truncated>
		<difficult>Unspecified</difficult>
		<bndbox>
			<xmin>583</xmin>
			<ymin>171</ymin>
			<xmax>627</xmax>
			<ymax>185</ymax>
		</bndbox>
	</object>
	<object>
		<name>L1</name>
		<pose>Unspecified</pose>
		<truncated>Unspecified</truncated>
		<difficult>Unspecified</difficult>
		<bndbox>
			<xmin>517</xmin>
			<ymin>10</ymin>
			<xmax>703</xmax>
			<ymax>20</ymax>
		</bndbox>
	</object>
	<object>
		<name>L1</name>
		<pose>Unspecified</pose>
		<truncated>Unspecified</truncated>
		<difficult>Unspecified</difficult>
		<bndbox>
			<xmin>517</xmin>
			<ymin>178</ymin>
			<xmax>701</xmax>
			<ymax>183</ymax>
		</bndbox>
	</object>
	<object>
		<name>L1</name>
		<pose>Unspecified</pose>
		<truncated>Unspecified</truncated>
		<difficult>Unspecified</difficult>
		<bndbox>
			<xmin>460</xmin>
			<ymin>339</ymin>
			<xmax>745</xmax>
			<ymax>349</ymax>
		</bndbox>
	</object>
	<object>
		<name>L1</name>
		<pose>Unspecified</pose>
		<truncated>Unspecified</truncated>
		<difficult>Unspecified</difficult>
		<bndbox>
			<xmin>503</xmin>
			<ymin>499</ymin>
			<xmax>688</xmax>
			<ymax>507</ymax>
		</bndbox>
	</object>
</annotation>