<annotation>
	<folder>hud</folder>
	<filename>frame_1170.jpg</filename>
	<path>/hud/frame_1170.jpg</path>
	<source>
		<database>Unspecified</database>
	</source>
	<size>
		<width>1280</width>
		<height>720</height>
		<depth>3</depth>
	</size>
	<object>
		<name>m1</name>
		<pose>Unspecified</pose>
		<truncated>Unspecified</truncated>
		<difficult>Unspecified</difficult>
		<bndbox>
			<xmin>569</xmin>
			<ymin>286</ymin>
			<xmax>615</xmax>
			<ymax>323</ymax>
		</bndbox>
	</object>
	<object>
		<name>m2</name>
		<pose>Unspecified</pose>
		<truncated>Unspecified</truncated>
		<difficult>Unspecified</difficult>
		<bndbox>
			<xmin>574</xmin>
			<ymin>173</ymin>
			<xmax>619</xmax>
			<ymax>186</ymax>
		</bndbox>
	</object>
	<object>
		<name>L1</name>
		<pose>Unspecified</pose>
		<truncated>Unspecified</truncated>
		<difficult>Unspecified</difficult>
		<bndbox>
			<xmin>509</xmin>
			<ymin>10</ymin>
			<xmax>695</xmax>
			<ymax>20</ymax>
		</bndbox>
	</object>
	<object>
		<name>L1</name>
		<pose>Unspecified</pose>
		<truncated>Unspecified</truncated>
		<difficult>Unspecified</difficult>
		<bndbox>
			<xmin>506</xmin>
			<ymin>178</ymin>
			<xmax>689</xmax>
			<ymax>183</ymax>
		</bndbox>
	</object>
	<object>
		<name>L1</name>
		<pose>Unspecified</pose>
		<truncated>Unspecified</truncated>
		<difficult>Unspecified</difficult>
		<bndbox>
			<xmin>449</xmin>
			<ymin>339</ymin>
			<xmax>733</xmax>
			<ymax>349</ymax>
		</bndbox>
	</object>
	<object>
		<name>L1</name>
		<pose>Unspecified</pose>
		<truncated>Unspecified</truncated>
		<difficult>Unspecified</difficult>
		<bndbox>
			<xmin>499</xmin>
			<ymin>499</ymin>
			<xmax>675</xmax>
			<ymax>507</ymax>
		</bndbox>
	</object>
</annotation>