<annotation>
	<folder>hud</folder>
	<filename>frame_0600.jpg</filename>
	<path>/hud/frame_0600.jpg</path>
	<source>
		<database>Unspecified</database>
	</source>
	<size>
		<width>1280</width>
		<height>720</height>
		<depth>3</depth>
	</size>

	<object>
		<name>m1</name>
		<pose>Unspecified</pose>
		<truncated>Unspecified</truncated>
		<difficult>Unspecified</difficult>
		<bndbox>
			<xmin>611</xmin>
			<ymin>286</ymin>
			<xmax>634</xmax>
			<ymax>306</ymax>
		</bndbox>
	</object>
	<object>
		<name>m2</name>
		<pose>Unspecified</pose>
		<truncated>Unspecified</truncated>
		<difficult>Unspecified</difficult>
		<bndbox>
			<xmin>611</xmin>
			<ymin>208</ymin>
			<xmax>633</xmax>
			<ymax>215</ymax>
		</bndbox>
	</object>
	<object>
		<name>L1</name>
		<pose>Unspecified</pose>
		<truncated>Unspecified</truncated>
		<difficult>Unspecified</difficult>
		<bndbox>
			<xmin>574</xmin>
			<ymin>192</ymin>
			<xmax>678</xmax>
			<ymax>198</ymax>
		</bndbox>
	</object>
	<object>
		<name>L1</name>
		<pose>Unspecified</pose>
		<truncated>Unspecified</truncated>
		<difficult>Unspecified</difficult>
		<bndbox>
			<xmin>571</xmin>
			<ymin>281</ymin>
			<xmax>674</xmax>
			<ymax>287</ymax>
		</bndbox>
	</object>
	<object>
		<name>L1</name>
		<pose>Unspecified</pose>
		<truncated>Unspecified</truncated>
		<difficult>Unspecified</difficult>
		<bndbox>
			<xmin>544</xmin>
			<ymin>368</ymin>
			<xmax>697</xmax>
			<ymax>376</ymax>
		</bndbox>
	</object>
</annotation>