<annotation>
	<folder>hud</folder>
	<filename>frame_1350.jpg</filename>
	<path>/hud/frame_1350.jpg</path>
	<source>
		<database>Unspecified</database>
	</source>
	<size>
		<width>1280</width>
		<height>720</height>
		<depth>3</depth>
	</size>
	<object>
		<name>m1</name>
		<pose>Unspecified</pose>
		<truncated>Unspecified</truncated>
		<difficult>Unspecified</difficult>
		<bndbox>
			<xmin>606</xmin>
			<ymin>425</ymin>
			<xmax>649</xmax>
			<ymax>461</ymax>
		</bndbox>
	</object>
	<object>
		<name>m2</name>
		<pose>Unspecified</pose>
		<truncated>Unspecified</truncated>
		<difficult>Unspecified</difficult>
		<bndbox>
			<xmin>609</xmin>
			<ymin>311</ymin>
			<xmax>651</xmax>
			<ymax>326</ymax>
		</bndbox>
	</object>
	<object>
		<name>L1</name>
		<pose>Unspecified</pose>
		<truncated>Unspecified</truncated>
		<difficult>Unspecified</difficult>
		<bndbox>
			<xmin>542</xmin>
			<ymin>153</ymin>
			<xmax>728</xmax>
			<ymax>161</ymax>
		</bndbox>
	</object>
	<object>
		<name>L1</name>
		<pose>Unspecified</pose>
		<truncated>Unspecified</truncated>
		<difficult>Unspecified</difficult>
		<bndbox>
			<xmin>541</xmin>
			<ymin>317</ymin>
			<xmax>726</xmax>
			<ymax>324</ymax>
		</bndbox>
	</object>
	<object>
		<name>L1</name>
		<pose>Unspecified</pose>
		<truncated>Unspecified</truncated>
		<difficult>Unspecified</difficult>
		<bndbox>
			<xmin>483</xmin>
			<ymin>479</ymin>
			<xmax>770</xmax>
			<ymax>489</ymax>
		</bndbox>
	</object>
	<object>
		<name>L1</name>
		<pose>Unspecified</pose>
		<truncated>Unspecified</truncated>
		<difficult>Unspecified</difficult>
		<bndbox>
			<xmin>529</xmin>
			<ymin>643</ymin>
			<xmax>717</xmax>
			<ymax>649</ymax>
		</bndbox>
	</object>
</annotation>