<annotation>
	<folder>hud</folder>
	<filename>frame_1050.jpg</filename>
	<path>/hud/frame_1050.jpg</path>
	<source>
		<database>Unspecified</database>
	</source>
	<size>
		<width>1280</width>
		<height>720</height>
		<depth>3</depth>
	</size>
	<object>
		<name>m1</name>
		<pose>Unspecified</pose>
		<truncated>Unspecified</truncated>
		<difficult>Unspecified</difficult>
		<bndbox>
			<xmin>600</xmin>
			<ymin>300</ymin>
			<xmax>642</xmax>
			<ymax>335</ymax>
		</bndbox>
	</object>
	<object>
		<name>m2</name>
		<pose>Unspecified</pose>
		<truncated>Unspecified</truncated>
		<difficult>Unspecified</difficult>
		<bndbox>
			<xmin>603</xmin>
			<ymin>185</ymin>
			<xmax>644</xmax>
			<ymax>198</ymax>
		</bndbox>
	</object>
	<object>
		<name>L1</name>
		<pose>Unspecified</pose>
		<truncated>Unspecified</truncated>
		<difficult>Unspecified</difficult>
		<bndbox>
			<xmin>537</xmin>
			<ymin>26</ymin>
			<xmax>725</xmax>
			<ymax>34</ymax>
		</bndbox>
	</object>
	<object>
		<name>L1</name>
		<pose>Unspecified</pose>
		<truncated>Unspecified</truncated>
		<difficult>Unspecified</difficult>
		<bndbox>
			<xmin>534</xmin>
			<ymin>193</ymin>
			<xmax>718</xmax>
			<ymax>199</ymax>
		</bndbox>
	</object>
	<object>
		<name>L1</name>
		<pose>Unspecified</pose>
		<truncated>Unspecified</truncated>
		<difficult>Unspecified</difficult>
		<bndbox>
			<xmin>477</xmin>
			<ymin>355</ymin>
			<xmax>764</xmax>
			<ymax>364</ymax>
		</bndbox>
	</object>
	<object>
		<name>L1</name>
		<pose>Unspecified</pose>
		<truncated>Unspecified</truncated>
		<difficult>Unspecified</difficult>
		<bndbox>
			<xmin>521</xmin>
			<ymin>516</ymin>
			<xmax>711</xmax>
			<ymax>522</ymax>
		</bndbox>
	</object>
</annotation>