<annotation>
	<folder>hud</folder>
	<filename>frame_0540.jpg</filename>
	<path>/hud/frame_0540.jpg</path>
	<source>
		<database>Unspecified</database>
	</source>
	<size>
		<width>1280</width>
		<height>720</height>
		<depth>3</depth>
	</size>

	<object>
		<name>m1</name>
		<pose>Unspecified</pose>
		<truncated>Unspecified</truncated>
		<difficult>Unspecified</difficult>
		<bndbox>
			<xmin>610</xmin>
			<ymin>342</ymin>
			<xmax>633</xmax>
			<ymax>363</ymax>
		</bndbox>
	</object>
	<object>
		<name>m2</name>
		<pose>Unspecified</pose>
		<truncated>Unspecified</truncated>
		<difficult>Unspecified</difficult>
		<bndbox>
			<xmin>611</xmin>
			<ymin>265</ymin>
			<xmax>633</xmax>
			<ymax>271</ymax>
		</bndbox>
	</object>
	<object>
		<name>L1</name>
		<pose>Unspecified</pose>
		<truncated>Unspecified</truncated>
		<difficult>Unspecified</difficult>
		<bndbox>
			<xmin>576</xmin>
			<ymin>249</ymin>
			<xmax>678</xmax>
			<ymax>255</ymax>
		</bndbox>
	</object>
	<object>
		<name>L1</name>
		<pose>Unspecified</pose>
		<truncated>Unspecified</truncated>
		<difficult>Unspecified</difficult>
		<bndbox>
			<xmin>572</xmin>
			<ymin>338</ymin>
			<xmax>673</xmax>
			<ymax>343</ymax>
		</bndbox>
	</object>
	<object>
		<name>L1</name>
		<pose>Unspecified</pose>
		<truncated>Unspecified</truncated>
		<difficult>Unspecified</difficult>
		<bndbox>
			<xmin>541</xmin>
			<ymin>424</ymin>
			<xmax>696</xmax>
			<ymax>432</ymax>
		</bndbox>
	</object>
</annotation>