<annotation>
	<folder>hud</folder>
	<filename>frame_1380.jpg</filename>
	<path>/hud/frame_1380.jpg</path>
	<source>
		<database>Unspecified</database>
	</source>
	<size>
		<width>1280</width>
		<height>720</height>
		<depth>3</depth>
	</size>

	<object>
		<name>m1</name>
		<pose>Unspecified</pose>
		<truncated>Unspecified</truncated>
		<difficult>Unspecified</difficult>
		<bndbox>
			<xmin>642</xmin>
			<ymin>424</ymin>
			<xmax>684</xmax>
			<ymax>458</ymax>
		</bndbox>
	</object>
	<object>
		<name>m2</name>
		<pose>Unspecified</pose>
		<truncated>Unspecified</truncated>
		<difficult>Unspecified</difficult>
		<bndbox>
			<xmin>646</xmin>
			<ymin>311</ymin>
			<xmax>685</xmax>
			<ymax>324</ymax>
		</bndbox>
	</object>
	<object>
		<name>L1</name>
		<pose>Unspecified</pose>
		<truncated>Unspecified</truncated>
		<difficult>Unspecified</difficult>
		<bndbox>
			<xmin>580</xmin>
			<ymin>154</ymin>
			<xmax>765</xmax>
			<ymax>160</ymax>
		</bndbox>
	</object>
	<object>
		<name>L1</name>
		<pose>Unspecified</pose>
		<truncated>Unspecified</truncated>
		<difficult>Unspecified</difficult>
		<bndbox>
			<xmin>573</xmin>
			<ymin>315</ymin>
			<xmax>760</xmax>
			<ymax>325</ymax>
		</bndbox>
	</object>
	<object>
		<name>L1</name>
		<pose>Unspecified</pose>
		<truncated>Unspecified</truncated>
		<difficult>Unspecified</difficult>
		<bndbox>
			<xmin>519</xmin>
			<ymin>477</ymin>
			<xmax>807</xmax>
			<ymax>489</ymax>
		</bndbox>
	</object>
	<object>
		<name>L1</name>
		<pose>Unspecified</pose>
		<truncated>Unspecified</truncated>
		<difficult>Unspecified</difficult>
		<bndbox>
			<xmin>564</xmin>
			<ymin>640</ymin>
			<xmax>753</xmax>
			<ymax>650</ymax>
		</bndbox>
	</object>
</annotation>