<annotation>
	<folder>hud</folder>
	<filename>frame_2340.jpg</filename>
	<path>/hud/frame_2340.jpg</path>
	<source>
		<database>Unspecified</database>
	</source>
	<size>
		<width>1280</width>
		<height>720</height>
		<depth>3</depth>
	</size>

	<object>
		<name>m1</name>
		<pose>Unspecified</pose>
		<truncated>Unspecified</truncated>
		<difficult>Unspecified</difficult>
		<bndbox>
			<xmin>729</xmin>
			<ymin>352</ymin>
			<xmax>768</xmax>
			<ymax>386</ymax>
		</bndbox>
	</object>
	<object>
		<name>m2</name>
		<pose>Unspecified</pose>
		<truncated>Unspecified</truncated>
		<difficult>Unspecified</difficult>
		<bndbox>
			<xmin>730</xmin>
			<ymin>191</ymin>
			<xmax>768</xmax>
			<ymax>205</ymax>
		</bndbox>
	</object>
	<object>
		<name>L1</name>
		<pose>Unspecified</pose>
		<truncated>Unspecified</truncated>
		<difficult>Unspecified</difficult>
		<bndbox>
			<xmin>661</xmin>
			<ymin>163</ymin>
			<xmax>846</xmax>
			<ymax>168</ymax>
		</bndbox>
	</object>
	<object>
		<name>L1</name>
		<pose>Unspecified</pose>
		<truncated>Unspecified</truncated>
		<difficult>Unspecified</difficult>
		<bndbox>
			<xmin>611</xmin>
			<ymin>325</ymin>
			<xmax>891</xmax>
			<ymax>332</ymax>
		</bndbox>
	</object>
	<object>
		<name>L1</name>
		<pose>Unspecified</pose>
		<truncated>Unspecified</truncated>
		<difficult>Unspecified</difficult>
		<bndbox>
			<xmin>656</xmin>
			<ymin>487</ymin>
			<xmax>839</xmax>
			<ymax>494</ymax>
		</bndbox>
	</object>
</annotation>