<annotation>
	<folder>hud</folder>
	<filename>frame_2310.jpg</filename>
	<path>/hud/frame_2310.jpg</path>
	<source>
		<database>Unspecified</database>
	</source>
	<size>
		<width>1280</width>
		<height>720</height>
		<depth>3</depth>
	</size>
	<object>
		<name>m1</name>
		<pose>Unspecified</pose>
		<truncated>Unspecified</truncated>
		<difficult>Unspecified</difficult>
		<bndbox>
			<xmin>731</xmin>
			<ymin>346</ymin>
			<xmax>773</xmax>
			<ymax>379</ymax>
		</bndbox>
	</object>
	<object>
		<name>m2</name>
		<pose>Unspecified</pose>
		<truncated>Unspecified</truncated>
		<difficult>Unspecified</difficult>
		<bndbox>
			<xmin>733</xmin>
			<ymin>184</ymin>
			<xmax>774</xmax>
			<ymax>197</ymax>
		</bndbox>
	</object>
	<object>
		<name>L1</name>
		<pose>Unspecified</pose>
		<truncated>Unspecified</truncated>
		<difficult>Unspecified</difficult>
		<bndbox>
			<xmin>662</xmin>
			<ymin>155</ymin>
			<xmax>850</xmax>
			<ymax>160</ymax>
		</bndbox>
	</object>
	<object>
		<name>L1</name>
		<pose>Unspecified</pose>
		<truncated>Unspecified</truncated>
		<difficult>Unspecified</difficult>
		<bndbox>
			<xmin>614</xmin>
			<ymin>317</ymin>
			<xmax>894</xmax>
			<ymax>326</ymax>
		</bndbox>
	</object>
	<object>
		<name>L1</name>
		<pose>Unspecified</pose>
		<truncated>Unspecified</truncated>
		<difficult>Unspecified</difficult>
		<bndbox>
			<xmin>662</xmin>
			<ymin>478</ymin>
			<xmax>840</xmax>
			<ymax>486</ymax>
		</bndbox>
	</object>
</annotation>