<annotation>
	<folder>hud</folder>
	<filename>frame_0780.jpg</filename>
	<path>/hud/frame_0780.jpg</path>
	<source>
		<database>Unspecified</database>
	</source>
	<size>
		<width>1280</width>
		<height>720</height>
		<depth>3</depth>
	</size>
	<object>
		<name>m1</name>
		<pose>Unspecified</pose>
		<truncated>Unspecified</truncated>
		<difficult>Unspecified</difficult>
		<bndbox>
			<xmin>623</xmin>
			<ymin>411</ymin>
			<xmax>665</xmax>
			<ymax>444</ymax>
		</bndbox>
	</object>
	<object>
		<name>m2</name>
		<pose>Unspecified</pose>
		<truncated>Unspecified</truncated>
		<difficult>Unspecified</difficult>
		<bndbox>
			<xmin>624</xmin>
			<ymin>297</ymin>
			<xmax>666</xmax>
			<ymax>310</ymax>
		</bndbox>
	</object>
	<object>
		<name>L1</name>
		<pose>Unspecified</pose>
		<truncated>Unspecified</truncated>
		<difficult>Unspecified</difficult>
		<bndbox>
			<xmin>556</xmin>
			<ymin>139</ymin>
			<xmax>747</xmax>
			<ymax>145</ymax>
		</bndbox>
	</object>
	<object>
		<name>L1</name>
		<pose>Unspecified</pose>
		<truncated>Unspecified</truncated>
		<difficult>Unspecified</difficult>
		<bndbox>
			<xmin>553</xmin>
			<ymin>303</ymin>
			<xmax>740</xmax>
			<ymax>308</ymax>
		</bndbox>
	</object>
	<object>
		<name>L1</name>
		<pose>Unspecified</pose>
		<truncated>Unspecified</truncated>
		<difficult>Unspecified</difficult>
		<bndbox>
			<xmin>500</xmin>
			<ymin>464</ymin>
			<xmax>788</xmax>
			<ymax>472</ymax>
		</bndbox>
	</object>
</annotation>