<annotation>
	<folder>hud</folder>
	<filename>frame_2130.jpg</filename>
	<path>/hud/frame_2130.jpg</path>
	<source>
		<database>Unspecified</database>
	</source>
	<size>
		<width>1280</width>
		<height>720</height>
		<depth>3</depth>
	</size>
	<object>
		<name>m1</name>
		<pose>Unspecified</pose>
		<truncated>Unspecified</truncated>
		<difficult>Unspecified</difficult>
		<bndbox>
			<xmin>722</xmin>
			<ymin>341</ymin>
			<xmax>762</xmax>
			<ymax>377</ymax>
		</bndbox>
	</object>
	<object>
		<name>m2</name>
		<pose>Unspecified</pose>
		<truncated>Unspecified</truncated>
		<difficult>Unspecified</difficult>
		<bndbox>
			<xmin>723</xmin>
			<ymin>182</ymin>
			<xmax>763</xmax>
			<ymax>196</ymax>
		</bndbox>
	</object>
	<object>
		<name>L1</name>
		<pose>Unspecified</pose>
		<truncated>Unspecified</truncated>
		<difficult>Unspecified</difficult>
		<bndbox>
			<xmin>656</xmin>
			<ymin>152</ymin>
			<xmax>838</xmax>
			<ymax>157</ymax>
		</bndbox>
	</object>
	<object>
		<name>L1</name>
		<pose>Unspecified</pose>
		<truncated>Unspecified</truncated>
		<difficult>Unspecified</difficult>
		<bndbox>
			<xmin>604</xmin>
			<ymin>315</ymin>
			<xmax>883</xmax>
			<ymax>322</ymax>
		</bndbox>
	</object>
	<object>
		<name>L1</name>
		<pose>Unspecified</pose>
		<truncated>Unspecified</truncated>
		<difficult>Unspecified</difficult>
		<bndbox>
			<xmin>651</xmin>
			<ymin>478</ymin>
			<xmax>833</xmax>
			<ymax>483</ymax>
		</bndbox>
	</object>
</annotation>