<annotation>
	<folder>hud</folder>
	<filename>frame_0750.jpg</filename>
	<path>/hud/frame_0750.jpg</path>
	<source>
		<database>Unspecified</database>
	</source>
	<size>
		<width>1280</width>
		<height>720</height>
		<depth>3</depth>
	</size>
	<object>
		<name>m1</name>
		<pose>Unspecified</pose>
		<truncated>Unspecified</truncated>
		<difficult>Unspecified</difficult>
		<bndbox>
			<xmin>611</xmin>
			<ymin>358</ymin>
			<xmax>650</xmax>
			<ymax>393</ymax>
		</bndbox>
	</object>
	<object>
		<name>m2</name>
		<pose>Unspecified</pose>
		<truncated>Unspecified</truncated>
		<difficult>Unspecified</difficult>
		<bndbox>
			<xmin>612</xmin>
			<ymin>244</ymin>
			<xmax>650</xmax>
			<ymax>257</ymax>
		</bndbox>
	</object>
	<object>
		<name>L1</name>
		<pose>Unspecified</pose>
		<truncated>Unspecified</truncated>
		<difficult>Unspecified</difficult>
		<bndbox>
			<xmin>541</xmin>
			<ymin>86</ymin>
			<xmax>730</xmax>
			<ymax>92</ymax>
		</bndbox>
	</object>
	<object>
		<name>L1</name>
		<pose>Unspecified</pose>
		<truncated>Unspecified</truncated>
		<difficult>Unspecified</difficult>
		<bndbox>
			<xmin>538</xmin>
			<ymin>251</ymin>
			<xmax>727</xmax>
			<ymax>257</ymax>
		</bndbox>
	</object>
	<object>
		<name>L1</name>
		<pose>Unspecified</pose>
		<truncated>Unspecified</truncated>
		<difficult>Unspecified</difficult>
		<bndbox>
			<xmin>485</xmin>
			<ymin>412</ymin>
			<xmax>774</xmax>
			<ymax>420</ymax>
		</bndbox>
	</object>
</annotation>