<annotation>
	<folder>hud</folder>
	<filename>frame_1980.jpg</filename>
	<path>/hud/frame_1980.jpg</path>
	<source>
		<database>Unspecified</database>
	</source>
	<size>
		<width>1280</width>
		<height>720</height>
		<depth>3</depth>
	</size>
	<object>
		<name>m1</name>
		<pose>Unspecified</pose>
		<truncated>Unspecified</truncated>
		<difficult>Unspecified</difficult>
		<bndbox>
			<xmin>750</xmin>
			<ymin>364</ymin>
			<xmax>791</xmax>
			<ymax>397</ymax>
		</bndbox>
	</object>
	<object>
		<name>m2</name>
		<pose>Unspecified</pose>
		<truncated>Unspecified</truncated>
		<difficult>Unspecified</difficult>
		<bndbox>
			<xmin>751</xmin>
			<ymin>203</ymin>
			<xmax>792</xmax>
			<ymax>216</ymax>
		</bndbox>
	</object>
	<object>
		<name>L1</name>
		<pose>Unspecified</pose>
		<truncated>Unspecified</truncated>
		<difficult>Unspecified</difficult>
		<bndbox>
			<xmin>681</xmin>
			<ymin>173</ymin>
			<xmax>866</xmax>
			<ymax>178</ymax>
		</bndbox>
	</object>
	<object>
		<name>L1</name>
		<pose>Unspecified</pose>
		<truncated>Unspecified</truncated>
		<difficult>Unspecified</difficult>
		<bndbox>
			<xmin>633</xmin>
			<ymin>336</ymin>
			<xmax>913</xmax>
			<ymax>343</ymax>
		</bndbox>
	</object>
	<object>
		<name>L1</name>
		<pose>Unspecified</pose>
		<truncated>Unspecified</truncated>
		<difficult>Unspecified</difficult>
		<bndbox>
			<xmin>677</xmin>
			<ymin>499</ymin>
			<xmax>859</xmax>
			<ymax>504</ymax>
		</bndbox>
	</object>
</annotation>