<annotation>
	<folder>hud</folder>
	<filename>frame_0660.jpg</filename>
	<path>/hud/frame_0660.jpg</path>
	<source>
		<database>Unspecified</database>
	</source>
	<size>
		<width>1280</width>
		<height>720</height>
		<depth>3</depth>
	</size>
	<object>
		<name>m1</name>
		<pose>Unspecified</pose>
		<truncated>Unspecified</truncated>
		<difficult>Unspecified</difficult>
		<bndbox>
			<xmin>681</xmin>
			<ymin>279</ymin>
			<xmax>703</xmax>
			<ymax>298</ymax>
		</bndbox>
	</object>
	<object>
		<name>m2</name>
		<pose>Unspecified</pose>
		<truncated>Unspecified</truncated>
		<difficult>Unspecified</difficult>
		<bndbox>
			<xmin>681</xmin>
			<ymin>199</ymin>
			<xmax>704</xmax>
			<ymax>208</ymax>
		</bndbox>
	</object>
	<object>
		<name>L1</name>
		<pose>Unspecified</pose>
		<truncated>Unspecified</truncated>
		<difficult>Unspecified</difficult>
		<bndbox>
			<xmin>647</xmin>
			<ymin>184</ymin>
			<xmax>748</xmax>
			<ymax>190</ymax>
		</bndbox>
	</object>
	<object>
		<name>L1</name>
		<pose>Unspecified</pose>
		<truncated>Unspecified</truncated>
		<difficult>Unspecified</difficult>
		<bndbox>
			<xmin>643</xmin>
			<ymin>275</ymin>
			<xmax>744</xmax>
			<ymax>280</ymax>
		</bndbox>
	</object>
	<object>
		<name>L1</name>
		<pose>Unspecified</pose>
		<truncated>Unspecified</truncated>
		<difficult>Unspecified</difficult>
		<bndbox>
			<xmin>613</xmin>
			<ymin>361</ymin>
			<xmax>767</xmax>
			<ymax>369</ymax>
		</bndbox>
	</object>
</annotation>