<annotation>
	<folder>hud</folder>
	<filename>frame_0930.jpg</filename>
	<path>/hud/frame_0930.jpg</path>
	<source>
		<database>Unspecified</database>
	</source>
	<size>
		<width>1280</width>
		<height>720</height>
		<depth>3</depth>
	</size>
	<object>
		<name>m1</name>
		<pose>Unspecified</pose>
		<truncated>Unspecified</truncated>
		<difficult>Unspecified</difficult>
		<bndbox>
			<xmin>620</xmin>
			<ymin>300</ymin>
			<xmax>663</xmax>
			<ymax>335</ymax>
		</bndbox>
	</object>
	<object>
		<name>m2</name>
		<pose>Unspecified</pose>
		<truncated>Unspecified</truncated>
		<difficult>Unspecified</difficult>
		<bndbox>
			<xmin>622</xmin>
			<ymin>187</ymin>
			<xmax>663</xmax>
			<ymax>198</ymax>
		</bndbox>
	</object>
	<object>
		<name>L1</name>
		<pose>Unspecified</pose>
		<truncated>Unspecified</truncated>
		<difficult>Unspecified</difficult>
		<bndbox>
			<xmin>556</xmin>
			<ymin>25</ymin>
			<xmax>744</xmax>
			<ymax>33</ymax>
		</bndbox>
	</object>
	<object>
		<name>L1</name>
		<pose>Unspecified</pose>
		<truncated>Unspecified</truncated>
		<difficult>Unspecified</difficult>
		<bndbox>
			<xmin>554</xmin>
			<ymin>193</ymin>
			<xmax>737</xmax>
			<ymax>198</ymax>
		</bndbox>
	</object>
	<object>
		<name>L1</name>
		<pose>Unspecified</pose>
		<truncated>Unspecified</truncated>
		<difficult>Unspecified</difficult>
		<bndbox>
			<xmin>496</xmin>
			<ymin>353</ymin>
			<xmax>782</xmax>
			<ymax>363</ymax>
		</bndbox>
	</object>
	<object>
		<name>L1</name>
		<pose>Unspecified</pose>
		<truncated>Unspecified</truncated>
		<difficult>Unspecified</difficult>
		<bndbox>
			<xmin>544</xmin>
			<ymin>516</ymin>
			<xmax>729</xmax>
			<ymax>521</ymax>
		</bndbox>
	</object>
</annotation>