<annotation>
	<folder>hud</folder>
	<filename>frame_2070.jpg</filename>
	<path>/hud/frame_2070.jpg</path>
	<source>
		<database>Unspecified</database>
	</source>
	<size>
		<width>1280</width>
		<height>720</height>
		<depth>3</depth>
	</size>

	<object>
		<name>m1</name>
		<pose>Unspecified</pose>
		<truncated>Unspecified</truncated>
		<difficult>Unspecified</difficult>
		<bndbox>
			<xmin>737</xmin>
			<ymin>366</ymin>
			<xmax>777</xmax>
			<ymax>399</ymax>
		</bndbox>
	</object>
	<object>
		<name>m2</name>
		<pose>Unspecified</pose>
		<truncated>Unspecified</truncated>
		<difficult>Unspecified</difficult>
		<bndbox>
			<xmin>738</xmin>
			<ymin>205</ymin>
			<xmax>778</xmax>
			<ymax>217</ymax>
		</bndbox>
	</object>
	<object>
		<name>L1</name>
		<pose>Unspecified</pose>
		<truncated>Unspecified</truncated>
		<difficult>Unspecified</difficult>
		<bndbox>
			<xmin>665</xmin>
			<ymin>176</ymin>
			<xmax>854</xmax>
			<ymax>180</ymax>
		</bndbox>
	</object>
	<object>
		<name>L1</name>
		<pose>Unspecified</pose>
		<truncated>Unspecified</truncated>
		<difficult>Unspecified</difficult>
		<bndbox>
			<xmin>618</xmin>
			<ymin>338</ymin>
			<xmax>899</xmax>
			<ymax>346</ymax>
		</bndbox>
	</object>
	<object>
		<name>L1</name>
		<pose>Unspecified</pose>
		<truncated>Unspecified</truncated>
		<difficult>Unspecified</difficult>
		<bndbox>
			<xmin>664</xmin>
			<ymin>500</ymin>
			<xmax>847</xmax>
			<ymax>507</ymax>
		</bndbox>
	</object>
</annotation>