<annotation>
	<folder>hud</folder>
	<filename>frame_2010.jpg</filename>
	<path>/hud/frame_2010.jpg</path>
	<source>
		<database>Unspecified</database>
	</source>
	<size>
		<width>1280</width>
		<height>720</height>
		<depth>3</depth>
	</size>

	<object>
		<name>m1</name>
		<pose>Unspecified</pose>
		<truncated>Unspecified</truncated>
		<difficult>Unspecified</difficult>
		<bndbox>
			<xmin>750</xmin>
			<ymin>362</ymin>
			<xmax>789</xmax>
			<ymax>395</ymax>
		</bndbox>
	</object>
	<object>
		<name>m2</name>
		<pose>Unspecified</pose>
		<truncated>Unspecified</truncated>
		<difficult>Unspecified</difficult>
		<bndbox>
			<xmin>752</xmin>
			<ymin>203</ymin>
			<xmax>793</xmax>
			<ymax>215</ymax>
		</bndbox>
	</object>
	<object>
		<name>L1</name>
		<pose>Unspecified</pose>
		<truncated>Unspecified</truncated>
		<difficult>Unspecified</difficult>
		<bndbox>
			<xmin>679</xmin>
			<ymin>171</ymin>
			<xmax>868</xmax>
			<ymax>175</ymax>
		</bndbox>
	</object>
	<object>
		<name>L1</name>
		<pose>Unspecified</pose>
		<truncated>Unspecified</truncated>
		<difficult>Unspecified</difficult>
		<bndbox>
			<xmin>631</xmin>
			<ymin>333</ymin>
			<xmax>913</xmax>
			<ymax>339</ymax>
		</bndbox>
	</object>
	<object>
		<name>L1</name>
		<pose>Unspecified</pose>
		<truncated>Unspecified</truncated>
		<difficult>Unspecified</difficult>
		<bndbox>
			<xmin>679</xmin>
			<ymin>496</ymin>
			<xmax>861</xmax>
			<ymax>502</ymax>
		</bndbox>
	</object>
</annotation>