<annotation>
	<folder>hud</folder>
	<filename>frame_1800.jpg</filename>
	<path>/hud/frame_1800.jpg</path>
	<source>
		<database>Unspecified</database>
	</source>
	<size>
		<width>1280</width>
		<height>720</height>
		<depth>3</depth>
	</size>
	<object>
		<name>m1</name>
		<pose>Unspecified</pose>
		<truncated>Unspecified</truncated>
		<difficult>Unspecified</difficult>
		<bndbox>
			<xmin>670</xmin>
			<ymin>394</ymin>
			<xmax>714</xmax>
			<ymax>429</ymax>
		</bndbox>
	</object>
	<object>
		<name>m2</name>
		<pose>Unspecified</pose>
		<truncated>Unspecified</truncated>
		<difficult>Unspecified</difficult>
		<bndbox>
			<xmin>673</xmin>
			<ymin>237</ymin>
			<xmax>715</xmax>
			<ymax>249</ymax>
		</bndbox>
	</object>
	<object>
		<name>L1</name>
		<pose>Unspecified</pose>
		<truncated>Unspecified</truncated>
		<difficult>Unspecified</difficult>
		<bndbox>
			<xmin>601</xmin>
			<ymin>206</ymin>
			<xmax>789</xmax>
			<ymax>210</ymax>
		</bndbox>
	</object>
	<object>
		<name>L1</name>
		<pose>Unspecified</pose>
		<truncated>Unspecified</truncated>
		<difficult>Unspecified</difficult>
		<bndbox>
			<xmin>553</xmin>
			<ymin>368</ymin>
			<xmax>833</xmax>
			<ymax>375</ymax>
		</bndbox>
	</object>
	<object>
		<name>L1</name>
		<pose>Unspecified</pose>
		<truncated>Unspecified</truncated>
		<difficult>Unspecified</difficult>
		<bndbox>
			<xmin>600</xmin>
			<ymin>530</ymin>
			<xmax>784</xmax>
			<ymax>534</ymax>
		</bndbox>
	</object>
</annotation>