<annotation>
	<folder>hud</folder>
	<filename>frame_1440.jpg</filename>
	<path>/hud/frame_1440.jpg</path>
	<source>
		<database>Unspecified</database>
	</source>
	<size>
		<width>1280</width>
		<height>720</height>
		<depth>3</depth>
	</size>

	<object>
		<name>m1</name>
		<pose>Unspecified</pose>
		<truncated>Unspecified</truncated>
		<difficult>Unspecified</difficult>
		<bndbox>
			<xmin>671</xmin>
			<ymin>380</ymin>
			<xmax>712</xmax>
			<ymax>417</ymax>
		</bndbox>
	</object>
	<object>
		<name>m2</name>
		<pose>Unspecified</pose>
		<truncated>Unspecified</truncated>
		<difficult>Unspecified</difficult>
		<bndbox>
			<xmin>675</xmin>
			<ymin>266</ymin>
			<xmax>716</xmax>
			<ymax>283</ymax>
		</bndbox>
	</object>
	<object>
		<name>L1</name>
		<pose>Unspecified</pose>
		<truncated>Unspecified</truncated>
		<difficult>Unspecified</difficult>
		<bndbox>
			<xmin>607</xmin>
			<ymin>108</ymin>
			<xmax>797</xmax>
			<ymax>117</ymax>
		</bndbox>
	</object>
	<object>
		<name>L1</name>
		<pose>Unspecified</pose>
		<truncated>Unspecified</truncated>
		<difficult>Unspecified</difficult>
		<bndbox>
			<xmin>604</xmin>
			<ymin>273</ymin>
			<xmax>791</xmax>
			<ymax>281</ymax>
		</bndbox>
	</object>
	<object>
		<name>L1</name>
		<pose>Unspecified</pose>
		<truncated>Unspecified</truncated>
		<difficult>Unspecified</difficult>
		<bndbox>
			<xmin>546</xmin>
			<ymin>436</ymin>
			<xmax>836</xmax>
			<ymax>445</ymax>
		</bndbox>
	</object>
	<object>
		<name>L1</name>
		<pose>Unspecified</pose>
		<truncated>Unspecified</truncated>
		<difficult>Unspecified</difficult>
		<bndbox>
			<xmin>595</xmin>
			<ymin>596</ymin>
			<xmax>777</xmax>
			<ymax>607</ymax>
		</bndbox>
	</object>
</annotation>