<annotation>
	<folder>hud</folder>
	<filename>frame_1530.jpg</filename>
	<path>/hud/frame_1530.jpg</path>
	<source>
		<database>Unspecified</database>
	</source>
	<size>
		<width>1280</width>
		<height>720</height>
		<depth>3</depth>
	</size>
	<object>
		<name>m1</name>
		<pose>Unspecified</pose>
		<truncated>Unspecified</truncated>
		<difficult>Unspecified</difficult>
		<bndbox>
			<xmin>702</xmin>
			<ymin>261</ymin>
			<xmax>746</xmax>
			<ymax>295</ymax>
		</bndbox>
	</object>
	<object>
		<name>m2</name>
		<pose>Unspecified</pose>
		<truncated>Unspecified</truncated>
		<difficult>Unspecified</difficult>
		<bndbox>
			<xmin>703</xmin>
			<ymin>145</ymin>
			<xmax>746</xmax>
			<ymax>161</ymax>
		</bndbox>
	</object>
	<object>
		<name>L1</name>
		<pose>Unspecified</pose>
		<truncated>Unspecified</truncated>
		<difficult>Unspecified</difficult>
		<bndbox>
			<xmin>634</xmin>
			<ymin>153</ymin>
			<xmax>821</xmax>
			<ymax>159</ymax>
		</bndbox>
	</object>
	<object>
		<name>L1</name>
		<pose>Unspecified</pose>
		<truncated>Unspecified</truncated>
		<difficult>Unspecified</difficult>
		<bndbox>
			<xmin>581</xmin>
			<ymin>317</ymin>
			<xmax>870</xmax>
			<ymax>324</ymax>
		</bndbox>
	</object>
	<object>
		<name>L1</name>
		<pose>Unspecified</pose>
		<truncated>Unspecified</truncated>
		<difficult>Unspecified</difficult>
		<bndbox>
			<xmin>629</xmin>
			<ymin>477</ymin>
			<xmax>814</xmax>
			<ymax>482</ymax>
		</bndbox>
	</object>
</annotation>