<annotation>
	<folder>hud</folder>
	<filename>frame_1710.jpg</filename>
	<path>/hud/frame_1710.jpg</path>
	<source>
		<database>Unspecified</database>
	</source>
	<size>
		<width>1280</width>
		<height>720</height>
		<depth>3</depth>
	</size>
	<object>
		<name>m1</name>
		<pose>Unspecified</pose>
		<truncated>Unspecified</truncated>
		<difficult>Unspecified</difficult>
		<bndbox>
			<xmin>608</xmin>
			<ymin>387</ymin>
			<xmax>647</xmax>
			<ymax>421</ymax>
		</bndbox>
	</object>
	<object>
		<name>m2</name>
		<pose>Unspecified</pose>
		<truncated>Unspecified</truncated>
		<difficult>Unspecified</difficult>
		<bndbox>
			<xmin>607</xmin>
			<ymin>247</ymin>
			<xmax>647</xmax>
			<ymax>258</ymax>
		</bndbox>
	</object>
	<object>
		<name>L1</name>
		<pose>Unspecified</pose>
		<truncated>Unspecified</truncated>
		<difficult>Unspecified</difficult>
		<bndbox>
			<xmin>538</xmin>
			<ymin>211</ymin>
			<xmax>722</xmax>
			<ymax>214</ymax>
		</bndbox>
	</object>
	<object>
		<name>L1</name>
		<pose>Unspecified</pose>
		<truncated>Unspecified</truncated>
		<difficult>Unspecified</difficult>
		<bndbox>
			<xmin>486</xmin>
			<ymin>373</ymin>
			<xmax>772</xmax>
			<ymax>378</ymax>
		</bndbox>
	</object>
	<object>
		<name>L1</name>
		<pose>Unspecified</pose>
		<truncated>Unspecified</truncated>
		<difficult>Unspecified</difficult>
		<bndbox>
			<xmin>534</xmin>
			<ymin>535</ymin>
			<xmax>718</xmax>
			<ymax>538</ymax>
		</bndbox>
	</object>
</annotation>