<annotation>
	<folder>hud</folder>
	<filename>frame_0510.jpg</filename>
	<path>/hud/frame_0510.jpg</path>
	<source>
		<database>Unspecified</database>
	</source>
	<size>
		<width>1280</width>
		<height>720</height>
		<depth>3</depth>
	</size>
	<object>
		<name>m1</name>
		<pose>Unspecified</pose>
		<truncated>Unspecified</truncated>
		<difficult>Unspecified</difficult>
		<bndbox>
			<xmin>615</xmin>
			<ymin>332</ymin>
			<xmax>651</xmax>
			<ymax>364</ymax>
		</bndbox>
	</object>
	<object>
		<name>m2</name>
		<pose>Unspecified</pose>
		<truncated>Unspecified</truncated>
		<difficult>Unspecified</difficult>
		<bndbox>
			<xmin>616</xmin>
			<ymin>198</ymin>
			<xmax>651</xmax>
			<ymax>210</ymax>
		</bndbox>
	</object>
	<object>
		<name>L1</name>
		<pose>Unspecified</pose>
		<truncated>Unspecified</truncated>
		<difficult>Unspecified</difficult>
		<bndbox>
			<xmin>555</xmin>
			<ymin>172</ymin>
			<xmax>731</xmax>
			<ymax>183</ymax>
		</bndbox>
	</object>
	<object>
		<name>L1</name>
		<pose>Unspecified</pose>
		<truncated>Unspecified</truncated>
		<difficult>Unspecified</difficult>
		<bndbox>
			<xmin>547</xmin>
			<ymin>322</ymin>
			<xmax>722</xmax>
			<ymax>333</ymax>
		</bndbox>
	</object>
	<object>
		<name>L1</name>
		<pose>Unspecified</pose>
		<truncated>Unspecified</truncated>
		<difficult>Unspecified</difficult>
		<bndbox>
			<xmin>494</xmin>
			<ymin>470</ymin>
			<xmax>759</xmax>
			<ymax>484</ymax>
		</bndbox>
	</object>
</annotation>