<annotation>
	<folder>hud</folder>
	<filename>frame_0390.jpg</filename>
	<path>/hud/frame_0390.jpg</path>
	<source>
		<database>Unspecified</database>
	</source>
	<size>
		<width>1280</width>
		<height>720</height>
		<depth>3</depth>
	</size>
	<object>
		<name>m1</name>
		<pose>Unspecified</pose>
		<truncated>Unspecified</truncated>
		<difficult>Unspecified</difficult>
		<bndbox>
			<xmin>552</xmin>
			<ymin>374</ymin>
			<xmax>590</xmax>
			<ymax>406</ymax>
		</bndbox>
	</object>
	<object>
		<name>m2</name>
		<pose>Unspecified</pose>
		<truncated>Unspecified</truncated>
		<difficult>Unspecified</difficult>
		<bndbox>
			<xmin>554</xmin>
			<ymin>240</ymin>
			<xmax>590</xmax>
			<ymax>253</ymax>
		</bndbox>
	</object>
	<object>
		<name>L1</name>
		<pose>Unspecified</pose>
		<truncated>Unspecified</truncated>
		<difficult>Unspecified</difficult>
		<bndbox>
			<xmin>494</xmin>
			<ymin>213</ymin>
			<xmax>667</xmax>
			<ymax>225</ymax>
		</bndbox>
	</object>
	<object>
		<name>L1</name>
		<pose>Unspecified</pose>
		<truncated>Unspecified</truncated>
		<difficult>Unspecified</difficult>
		<bndbox>
			<xmin>487</xmin>
			<ymin>365</ymin>
			<xmax>660</xmax>
			<ymax>375</ymax>
		</bndbox>
	</object>
	<object>
		<name>L1</name>
		<pose>Unspecified</pose>
		<truncated>Unspecified</truncated>
		<difficult>Unspecified</difficult>
		<bndbox>
			<xmin>434</xmin>
			<ymin>512</ymin>
			<xmax>697</xmax>
			<ymax>526</ymax>
		</bndbox>
	</object>
</annotation>