<annotation>
	<folder>hud</folder>
	<filename>frame_1680.jpg</filename>
	<path>/hud/frame_1680.jpg</path>
	<source>
		<database>Unspecified</database>
	</source>
	<size>
		<width>1280</width>
		<height>720</height>
		<depth>3</depth>
	</size>

	<object>
		<name>m1</name>
		<pose>Unspecified</pose>
		<truncated>Unspecified</truncated>
		<difficult>Unspecified</difficult>
		<bndbox>
			<xmin>610</xmin>
			<ymin>379</ymin>
			<xmax>648</xmax>
			<ymax>412</ymax>
		</bndbox>
	</object>
	<object>
		<name>m2</name>
		<pose>Unspecified</pose>
		<truncated>Unspecified</truncated>
		<difficult>Unspecified</difficult>
		<bndbox>
			<xmin>608</xmin>
			<ymin>241</ymin>
			<xmax>648</xmax>
			<ymax>255</ymax>
		</bndbox>
	</object>
	<object>
		<name>L1</name>
		<pose>Unspecified</pose>
		<truncated>Unspecified</truncated>
		<difficult>Unspecified</difficult>
		<bndbox>
			<xmin>543</xmin>
			<ymin>53</ymin>
			<xmax>722</xmax>
			<ymax>57</ymax>
		</bndbox>
	</object>
	<object>
		<name>L1</name>
		<pose>Unspecified</pose>
		<truncated>Unspecified</truncated>
		<difficult>Unspecified</difficult>
		<bndbox>
			<xmin>539</xmin>
			<ymin>220</ymin>
			<xmax>725</xmax>
			<ymax>223</ymax>
		</bndbox>
	</object>
	<object>
		<name>L1</name>
		<pose>Unspecified</pose>
		<truncated>Unspecified</truncated>
		<difficult>Unspecified</difficult>
		<bndbox>
			<xmin>486</xmin>
			<ymin>382</ymin>
			<xmax>773</xmax>
			<ymax>385</ymax>
		</bndbox>
	</object>
	<object>
		<name>L1</name>
		<pose>Unspecified</pose>
		<truncated>Unspecified</truncated>
		<difficult>Unspecified</difficult>
		<bndbox>
			<xmin>533</xmin>
			<ymin>543</ymin>
			<xmax>720</xmax>
			<ymax>546</ymax>
		</bndbox>
	</object>
</annotation>