<annotation>
	<folder>hud</folder>
	<filename>frame_0840.jpg</filename>
	<path>/hud/frame_0840.jpg</path>
	<source>
		<database>Unspecified</database>
	</source>
	<size>
		<width>1280</width>
		<height>720</height>
		<depth>3</depth>
	</size>
	<object>
		<name>m1</name>
		<pose>Unspecified</pose>
		<truncated>Unspecified</truncated>
		<difficult>Unspecified</difficult>
		<bndbox>
			<xmin>641</xmin>
			<ymin>321</ymin>
			<xmax>681</xmax>
			<ymax>356</ymax>
		</bndbox>
	</object>
	<object>
		<name>m2</name>
		<pose>Unspecified</pose>
		<truncated>Unspecified</truncated>
		<difficult>Unspecified</difficult>
		<bndbox>
			<xmin>642</xmin>
			<ymin>206</ymin>
			<xmax>683</xmax>
			<ymax>221</ymax>
		</bndbox>
	</object>
	<object>
		<name>L1</name>
		<pose>Unspecified</pose>
		<truncated>Unspecified</truncated>
		<difficult>Unspecified</difficult>
		<bndbox>
			<xmin>572</xmin>
			<ymin>48</ymin>
			<xmax>763</xmax>
			<ymax>53</ymax>
		</bndbox>
	</object>
	<object>
		<name>L1</name>
		<pose>Unspecified</pose>
		<truncated>Unspecified</truncated>
		<difficult>Unspecified</difficult>
		<bndbox>
			<xmin>570</xmin>
			<ymin>215</ymin>
			<xmax>759</xmax>
			<ymax>218</ymax>
		</bndbox>
	</object>
	<object>
		<name>L1</name>
		<pose>Unspecified</pose>
		<truncated>Unspecified</truncated>
		<difficult>Unspecified</difficult>
		<bndbox>
			<xmin>518</xmin>
			<ymin>375</ymin>
			<xmax>802</xmax>
			<ymax>383</ymax>
		</bndbox>
	</object>
</annotation>