<annotation>
	<folder>hud</folder>
	<filename>frame_0960.jpg</filename>
	<path>/hud/frame_0960.jpg</path>
	<source>
		<database>Unspecified</database>
	</source>
	<size>
		<width>1280</width>
		<height>720</height>
		<depth>3</depth>
	</size>
	<object>
		<name>m1</name>
		<pose>Unspecified</pose>
		<truncated>Unspecified</truncated>
		<difficult>Unspecified</difficult>
		<bndbox>
			<xmin>629</xmin>
			<ymin>387</ymin>
			<xmax>671</xmax>
			<ymax>420</ymax>
		</bndbox>
	</object>
	<object>
		<name>m2</name>
		<pose>Unspecified</pose>
		<truncated>Unspecified</truncated>
		<difficult>Unspecified</difficult>
		<bndbox>
			<xmin>630</xmin>
			<ymin>271</ymin>
			<xmax>672</xmax>
			<ymax>285</ymax>
		</bndbox>
	</object>
	<object>
		<name>L1</name>
		<pose>Unspecified</pose>
		<truncated>Unspecified</truncated>
		<difficult>Unspecified</difficult>
		<bndbox>
			<xmin>566</xmin>
			<ymin>113</ymin>
			<xmax>751</xmax>
			<ymax>121</ymax>
		</bndbox>
	</object>
	<object>
		<name>L1</name>
		<pose>Unspecified</pose>
		<truncated>Unspecified</truncated>
		<difficult>Unspecified</difficult>
		<bndbox>
			<xmin>560</xmin>
			<ymin>277</ymin>
			<xmax>749</xmax>
			<ymax>285</ymax>
		</bndbox>
	</object>
	<object>
		<name>L1</name>
		<pose>Unspecified</pose>
		<truncated>Unspecified</truncated>
		<difficult>Unspecified</difficult>
		<bndbox>
			<xmin>506</xmin>
			<ymin>439</ymin>
			<xmax>792</xmax>
			<ymax>449</ymax>
		</bndbox>
	</object>
	<object>
		<name>L1</name>
		<pose>Unspecified</pose>
		<truncated>Unspecified</truncated>
		<difficult>Unspecified</difficult>
		<bndbox>
			<xmin>552</xmin>
			<ymin>602</ymin>
			<xmax>737</xmax>
			<ymax>608</ymax>
		</bndbox>
	</object>
</annotation>