<annotation>
	<folder>hud</folder>
	<filename>frame_1290.jpg</filename>
	<path>/hud/frame_1290.jpg</path>
	<source>
		<database>Unspecified</database>
	</source>
	<size>
		<width>1280</width>
		<height>720</height>
		<depth>3</depth>
	</size>
	<object>
		<name>m1</name>
		<pose>Unspecified</pose>
		<truncated>Unspecified</truncated>
		<difficult>Unspecified</difficult>
		<bndbox>
			<xmin>613</xmin>
			<ymin>344</ymin>
			<xmax>651</xmax>
			<ymax>375</ymax>
		</bndbox>
	</object>
	<object>
		<name>m1</name>
		<pose>Unspecified</pose>
		<truncated>Unspecified</truncated>
		<difficult>Unspecified</difficult>
		<bndbox>
			<xmin>602</xmin>
			<ymin>335</ymin>
			<xmax>641</xmax>
			<ymax>365</ymax>
		</bndbox>
	</object>
	<object>
		<name>m2</name>
		<pose>Unspecified</pose>
		<truncated>Unspecified</truncated>
		<difficult>Unspecified</difficult>
		<bndbox>
			<xmin>613</xmin>
			<ymin>228</ymin>
			<xmax>653</xmax>
			<ymax>240</ymax>
		</bndbox>
	</object>
	<object>
		<name>m2</name>
		<pose>Unspecified</pose>
		<truncated>Unspecified</truncated>
		<difficult>Unspecified</difficult>
		<bndbox>
			<xmin>603</xmin>
			<ymin>220</ymin>
			<xmax>644</xmax>
			<ymax>233</ymax>
		</bndbox>
	</object>
	<object>
		<name>L1</name>
		<pose>Unspecified</pose>
		<truncated>Unspecified</truncated>
		<difficult>Unspecified</difficult>
		<bndbox>
			<xmin>549</xmin>
			<ymin>69</ymin>
			<xmax>733</xmax>
			<ymax>75</ymax>
		</bndbox>
	</object>
	<object>
		<name>L1</name>
		<pose>Unspecified</pose>
		<truncated>Unspecified</truncated>
		<difficult>Unspecified</difficult>
		<bndbox>
			<xmin>542</xmin>
			<ymin>60</ymin>
			<xmax>728</xmax>
			<ymax>67</ymax>
		</bndbox>
	</object>
	<object>
		<name>L1</name>
		<pose>Unspecified</pose>
		<truncated>Unspecified</truncated>
		<difficult>Unspecified</difficult>
		<bndbox>
			<xmin>544</xmin>
			<ymin>234</ymin>
			<xmax>729</xmax>
			<ymax>241</ymax>
		</bndbox>
	</object>
	<object>
		<name>L1</name>
		<pose>Unspecified</pose>
		<truncated>Unspecified</truncated>
		<difficult>Unspecified</difficult>
		<bndbox>
			<xmin>537</xmin>
			<ymin>224</ymin>
			<xmax>719</xmax>
			<ymax>232</ymax>
		</bndbox>
	</object>
	<object>
		<name>L1</name>
		<pose>Unspecified</pose>
		<truncated>Unspecified</truncated>
		<difficult>Unspecified</difficult>
		<bndbox>
			<xmin>484</xmin>
			<ymin>396</ymin>
			<xmax>774</xmax>
			<ymax>405</ymax>
		</bndbox>
	</object>
	<object>
		<name>L1</name>
		<pose>Unspecified</pose>
		<truncated>Unspecified</truncated>
		<difficult>Unspecified</difficult>
		<bndbox>
			<xmin>476</xmin>
			<ymin>385</ymin>
			<xmax>765</xmax>
			<ymax>396</ymax>
		</bndbox>
	</object>
	<object>
		<name>L1</name>
		<pose>Unspecified</pose>
		<truncated>Unspecified</truncated>
		<difficult>Unspecified</difficult>
		<bndbox>
			<xmin>532</xmin>
			<ymin>558</ymin>
			<xmax>716</xmax>
			<ymax>563</ymax>
		</bndbox>
	</object>
	<object>
		<name>L1</name>
		<pose>Unspecified</pose>
		<truncated>Unspecified</truncated>
		<difficult>Unspecified</difficult>
		<bndbox>
			<xmin>524</xmin>
			<ymin>548</ymin>
			<xmax>707</xmax>
			<ymax>556</ymax>
		</bndbox>
	</object>
</annotation>