<annotation>
	<folder>hud</folder>
	<filename>frame_1110.jpg</filename>
	<path>/hud/frame_1110.jpg</path>
	<source>
		<database>Unspecified</database>
	</source>
	<size>
		<width>1280</width>
		<height>720</height>
		<depth>3</depth>
	</size>
	<object>
		<name>m1</name>
		<pose>Unspecified</pose>
		<truncated>Unspecified</truncated>
		<difficult>Unspecified</difficult>
		<bndbox>
			<xmin>584</xmin>
			<ymin>286</ymin>
			<xmax>624</xmax>
			<ymax>322</ymax>
		</bndbox>
	</object>
	<object>
		<name>m2</name>
		<pose>Unspecified</pose>
		<truncated>Unspecified</truncated>
		<difficult>Unspecified</difficult>
		<bndbox>
			<xmin>585</xmin>
			<ymin>173</ymin>
			<xmax>630</xmax>
			<ymax>185</ymax>
		</bndbox>
	</object>
	<object>
		<name>L1</name>
		<pose>Unspecified</pose>
		<truncated>Unspecified</truncated>
		<difficult>Unspecified</difficult>
		<bndbox>
			<xmin>521</xmin>
			<ymin>12</ymin>
			<xmax>707</xmax>
			<ymax>20</ymax>
		</bndbox>
	</object>
	<object>
		<name>L1</name>
		<pose>Unspecified</pose>
		<truncated>Unspecified</truncated>
		<difficult>Unspecified</difficult>
		<bndbox>
			<xmin>517</xmin>
			<ymin>178</ymin>
			<xmax>700</xmax>
			<ymax>185</ymax>
		</bndbox>
	</object>
	<object>
		<name>L1</name>
		<pose>Unspecified</pose>
		<truncated>Unspecified</truncated>
		<difficult>Unspecified</difficult>
		<bndbox>
			<xmin>462</xmin>
			<ymin>343</ymin>
			<xmax>745</xmax>
			<ymax>349</ymax>
		</bndbox>
	</object>
	<object>
		<name>L1</name>
		<pose>Unspecified</pose>
		<truncated>Unspecified</truncated>
		<difficult>Unspecified</difficult>
		<bndbox>
			<xmin>506</xmin>
			<ymin>501</ymin>
			<xmax>689</xmax>
			<ymax>507</ymax>
		</bndbox>
	</object>
</annotation>