<annotation>
	<folder>hud</folder>
	<filename>frame_0360.jpg</filename>
	<path>/hud/frame_0360.jpg</path>
	<source>
		<database>Unspecified</database>
	</source>
	<size>
		<width>1280</width>
		<height>720</height>
		<depth>3</depth>
	</size>
	<object>
		<name>m1</name>
		<pose>Unspecified</pose>
		<truncated>Unspecified</truncated>
		<difficult>Unspecified</difficult>
		<bndbox>
			<xmin>555</xmin>
			<ymin>375</ymin>
			<xmax>593</xmax>
			<ymax>406</ymax>
		</bndbox>
	</object>
	<object>
		<name>m2</name>
		<pose>Unspecified</pose>
		<truncated>Unspecified</truncated>
		<difficult>Unspecified</difficult>
		<bndbox>
			<xmin>557</xmin>
			<ymin>241</ymin>
			<xmax>594</xmax>
			<ymax>252</ymax>
		</bndbox>
	</object>
	<object>
		<name>L1</name>
		<pose>Unspecified</pose>
		<truncated>Unspecified</truncated>
		<difficult>Unspecified</difficult>
		<bndbox>
			<xmin>496</xmin>
			<ymin>214</ymin>
			<xmax>671</xmax>
			<ymax>226</ymax>
		</bndbox>
	</object>
	<object>
		<name>L1</name>
		<pose>Unspecified</pose>
		<truncated>Unspecified</truncated>
		<difficult>Unspecified</difficult>
		<bndbox>
			<xmin>489</xmin>
			<ymin>365</ymin>
			<xmax>661</xmax>
			<ymax>375</ymax>
		</bndbox>
	</object>
	<object>
		<name>L1</name>
		<pose>Unspecified</pose>
		<truncated>Unspecified</truncated>
		<difficult>Unspecified</difficult>
		<bndbox>
			<xmin>434</xmin>
			<ymin>512</ymin>
			<xmax>698</xmax>
			<ymax>527</ymax>
		</bndbox>
	</object>
</annotation>