<annotation>
	<folder>hud</folder>
	<filename>frame_0720.jpg</filename>
	<path>/hud/frame_0720.jpg</path>
	<source>
		<database>Unspecified</database>
	</source>
	<size>
		<width>1280</width>
		<height>720</height>
		<depth>3</depth>
	</size>


	<object>
		<name>m1</name>
		<pose>Unspecified</pose>
		<truncated>Unspecified</truncated>
		<difficult>Unspecified</difficult>
		<bndbox>
			<xmin>652</xmin>
			<ymin>265</ymin>
			<xmax>674</xmax>
			<ymax>283</ymax>
		</bndbox>
	</object>
	<object>
		<name>m1</name>
		<pose>Unspecified</pose>
		<truncated>Unspecified</truncated>
		<difficult>Unspecified</difficult>
		<bndbox>
			<xmin>645</xmin>
			<ymin>294</ymin>
			<xmax>668</xmax>
			<ymax>311</ymax>
		</bndbox>
	</object>
	<object>
		<name>m2</name>
		<pose>Unspecified</pose>
		<truncated>Unspecified</truncated>
		<difficult>Unspecified</difficult>
		<bndbox>
			<xmin>655</xmin>
			<ymin>200</ymin>
			<xmax>675</xmax>
			<ymax>207</ymax>
		</bndbox>
	</object>
	<object>
		<name>m2</name>
		<pose>Unspecified</pose>
		<truncated>Unspecified</truncated>
		<difficult>Unspecified</difficult>
		<bndbox>
			<xmin>646</xmin>
			<ymin>225</ymin>
			<xmax>668</xmax>
			<ymax>232</ymax>
		</bndbox>
	</object>
	<object>
		<name>L1</name>
		<pose>Unspecified</pose>
		<truncated>Unspecified</truncated>
		<difficult>Unspecified</difficult>
		<bndbox>
			<xmin>610</xmin>
			<ymin>131</ymin>
			<xmax>713</xmax>
			<ymax>133</ymax>
		</bndbox>
	</object>
	<object>
		<name>L1</name>
		<pose>Unspecified</pose>
		<truncated>Unspecified</truncated>
		<difficult>Unspecified</difficult>
		<bndbox>
			<xmin>612</xmin>
			<ymin>162</ymin>
			<xmax>714</xmax>
			<ymax>164</ymax>
		</bndbox>
	</object>
	<object>
		<name>L1</name>
		<pose>Unspecified</pose>
		<truncated>Unspecified</truncated>
		<difficult>Unspecified</difficult>
		<bndbox>
			<xmin>607</xmin>
			<ymin>228</ymin>
			<xmax>712</xmax>
			<ymax>231</ymax>
		</bndbox>
	</object>
	<object>
		<name>L1</name>
		<pose>Unspecified</pose>
		<truncated>Unspecified</truncated>
		<difficult>Unspecified</difficult>
		<bndbox>
			<xmin>614</xmin>
			<ymin>253</ymin>
			<xmax>714</xmax>
			<ymax>255</ymax>
		</bndbox>
	</object>
	<object>
		<name>L1</name>
		<pose>Unspecified</pose>
		<truncated>Unspecified</truncated>
		<difficult>Unspecified</difficult>
		<bndbox>
			<xmin>577</xmin>
			<ymin>322</ymin>
			<xmax>738</xmax>
			<ymax>325</ymax>
		</bndbox>
	</object>
	<object>
		<name>L1</name>
		<pose>Unspecified</pose>
		<truncated>Unspecified</truncated>
		<difficult>Unspecified</difficult>
		<bndbox>
			<xmin>587</xmin>
			<ymin>341</ymin>
			<xmax>741</xmax>
			<ymax>343</ymax>
		</bndbox>
	</object>
	<object>
		<name>L1</name>
		<pose>Unspecified</pose>
		<truncated>Unspecified</truncated>
		<difficult>Unspecified</difficult>
		<bndbox>
			<xmin>604</xmin>
			<ymin>415</ymin>
			<xmax>703</xmax>
			<ymax>419</ymax>
		</bndbox>
	</object>
	<object>
		<name>L1</name>
		<pose>Unspecified</pose>
		<truncated>Unspecified</truncated>
		<difficult>Unspecified</difficult>
		<bndbox>
			<xmin>617</xmin>
			<ymin>426</ymin>
			<xmax>711</xmax>
			<ymax>429</ymax>
		</bndbox>
	</object>
</annotation>